iban,date,currency,category,amount
FR96 8647 0480 60TX MWZ9 108B G31,2021-01-26,CZK,Food - Canned Goods,-3514.36
FO30 5870 2002 1233 54,2020-12-20,RUB,Pets,3130.86
MD45 BC5E Z1HL OJRV T12S XJFS,2023-10-04,EUR,Kitchen,-628.77
FR78 4409 8060 89CN FSIJ TGPX 653,2024-02-17,PLN,Food - Grains,1368.33
BR71 4420 2478 2145 3374 4932 663H P,2020-05-24,EUR,Food - Breakfast Foods,-598.63
SE27 2399 3125 9730 8843 2219,2022-11-02,PLN,Food - Pasta,1960.35
ME76 9756 8083 7214 6175 76,2024-08-28,SEK,Food - Sauces,699.25
FR90 4644 3538 73MP UQEO TCVY B32,2023-09-24,IDR,Home,-3157.4
ME02 1567 0666 0320 8597 67,2021-05-05,BRL,Fitness,-4701.68
BE92 8566 3606 2068,2024-08-12,VEF,Pets,-3364.26
BE32 4774 1081 6814,2021-05-17,THB,Food - Cheese,4618.2
GE91 VO74 4650 2233 2327 07,2023-05-06,GTQ,Outdoor,2392.0
BG14 DORB 2578 57FH UZ4V ZN,2020-03-16,DOP,Food - Spices,676.87
TN84 6249 7585 7389 9999 4891,2025-04-26,RUB,Food - Snacks,1476.9
TR39 6539 4HG6 XZQM IXU9 NAMP 8J,2025-08-10,JPY,Food - Snacks,-4023.58
PK59 FKJZ Q9SI IYS7 NSAW GC3F,2021-12-11,RUB,Kitchen,23.01
HR96 7283 5484 3865 2836 3,2023-09-15,CNY,Food - Beverages,-1679.41
IS32 3161 1335 6241 2063 9434 18,2025-09-07,SYP,Clothing,-828.99
MC20 4920 1375 72MI VKEO GWUU U27,2023-12-01,CNY,Food - Spices,-125.45
KZ50 622Y 8OQ6 WPYJ ZAKJ,2020-04-16,PEN,Food - Condiments,938.55
FR29 9926 1074 16KF BZHM R8HE K30,2023-10-14,EUR,Outdoor,2104.23
FR10 3688 4204 20GL XVEO RGOJ O25,2022-10-06,CNY,Travel,-1584.96
IL72 9195 0463 7286 3760 677,2024-06-08,PHP,Clothing - Tops,3399.03
IL20 9476 0675 8100 2256 846,2025-07-02,RUB,Food - Grains,19.92
MT98 KGRZ 8720 4TWZ HZNJ IVOM AOYX EVG,2021-08-19,UAH,Food - Frozen Desserts,-3361.84
GR93 6847 875M 6ZMS 1YOV K9I4 3NB,2023-09-17,VND,Pets,-1320.58
EE46 1803 8080 4337 2568,2021-11-07,CNY,Toys,-144.45
HU02 8659 0020 7758 7026 0081 7645,2020-12-14,CNY,Food - Spreads,3739.86
HU53 2799 0426 0982 3987 7831 0134,2021-12-22,CNY,Food - Frozen Foods,36.51
PS76 RITT XH5I KGGY 1DUD ZD1M WOZF 8,2023-04-04,PLN,Food - Fruits,-1461.53
MC47 7119 4030 53GC 69RV 4IPG U41,2020-03-13,PKR,Food - Frozen Foods,-1308.29
EE35 7286 8947 8550 8957,2021-09-15,ILS,Food - Meat,2646.8
ES15 3635 6181 2343 0947 1994,2025-11-02,EUR,Electronics,-1519.43
RS74 5880 5886 2679 0900 11,2024-12-18,IDR,Food - Cereals,-3696.61
LU56 284K 4ED9 IWMC RJQW,2022-06-11,PLN,Clothing,1864.56
RO02 TECK KDAI OV2M LBNP F9L9,2020-12-19,CUP,Health,-2277.4
HR36 7906 9467 5408 7715 8,2025-08-07,NOK,Toys,-4280.57
PK61 WJBF TXB2 M2CP WFJA 8O7G,2025-06-13,EUR,Food - Cooking Kits,3574.32
MC49 8707 3741 62JL 8DIX XPEM F99,2025-11-24,PLN,Food - Meat & Seafood,-2717.9
FR98 4391 8325 342H CMDN 8ZVB U38,2020-03-05,PHP,Food - Fruits,-2881.75
SE58 1656 3725 4692 4194 8642,2021-05-21,EUR,Pets,-2089.51
VG90 WZKD 2787 4175 4404 7469,2022-08-10,LAK,Pets,-3170.18
FR38 4862 9098 26VB V9RM ZVOS R71,2025-12-18,CNY,Food - Dairy,-4545.01
CR86 8539 0867 3881 8680 2,2025-08-22,EUR,Kitchen,-1677.9
DK28 8018 9734 0058 54,2020-01-31,CAD,Accessories,-453.23
NO24 9352 5147 850,2022-02-04,CNY,Clothing - Outerwear,-3743.38
BR81 5049 6844 5023 3010 0339 955G R,2022-05-29,CZK,Pets,-2574.81
NL33 JYTB 5119 4644 22,2020-09-04,BRL,Pets,1491.82
FR40 5579 6679 52R0 T3EB JCNJ F00,2025-09-08,ZAR,Outdoor,-4662.81
FR75 0233 1006 19LC FBXP 3HTV 305,2023-10-11,EUR,Food - Sides,2750.0
FR96 0525 8301 64W1 RMVY XRB7 995,2025-09-05,IDR,Clothing - Tops,4108.27
DK33 2988 2057 1993 59,2021-02-09,CNY,Food - Canned Soups,122.27
IS61 3273 1956 6944 1554 4883 04,2020-08-16,ARS,Food - Baking Goods,4062.64
FR49 9152 4177 78R1 CL46 HTWZ 131,2021-08-15,PLN,Home,2955.81
KW71 NGXT KC0H UZWK DEEF QRO8 NQ3A VG,2025-04-26,PLN,Kitchen,-2908.82
FR14 7385 2184 47P7 DTAJ XV4L N51,2023-06-18,BDT,Accessories,2836.89
KW56 FDBT 6GUU 0MDM 1IUL ESAL 9DKT 1Y,2024-12-01,EUR,Home,-3565.1
FR78 9218 4555 77RQ U1R7 CQXV H04,2026-01-09,BRL,Food - Frozen Meals,-1583.76
DK94 2802 8638 6125 61,2020-09-29,RUB,Food - Meat,-2019.67
CH84 7440 1RHI HJIG GLD6 C,2024-01-08,CNY,Kitchen,297.86
PT44 7943 6219 7824 4228 6745 5,2024-09-25,PEN,Kitchen,-1650.76
FR90 5304 4492 154I 41HD VK50 E25,2025-10-04,JPY,Home,3456.04
GL42 9115 8909 7897 42,2024-11-09,PHP,Outdoor,832.18
RO64 JQBN JGG8 38WN DBOZ 6YWA,2020-05-13,COP,Outdoor,2846.16
BH73 FKZF ILC1 9ZW1 0RU7 MO,2022-02-03,CNY,Crafts,3079.23
BH25 OBZI LQVQ 9E8O VSLT 2T,2021-01-09,HRK,Food - Frozen Vegetables,-355.96
TN50 7127 1635 6230 1897 2241,2023-05-20,ARS,Outdoor,725.52
FR16 9829 0052 96B8 4DAI 6JFG 414,2025-09-19,RSD,Food - Snacks,2845.04
FR55 1639 7584 70XU 13I2 UBX2 W88,2020-08-03,DKK,Food - Snacks,-3108.22
IL03 6161 1824 8180 5980 301,2025-09-29,CNY,Food - Snacks,-3899.07
FR79 2240 1511 37LM CJ28 0T9O S14,2021-08-14,XAF,Food - Grains,4019.35
GI66 TJCB BIQL WILJ 40T5 6QC,2021-02-20,EUR,Food - Condiments,-1602.96
RS37 3638 0605 8506 7559 79,2025-03-02,IDR,Home,1015.85
KW31 IEKE OSFR YC1X N2QM ETOW 3JGL OI,2022-08-12,KGS,Food - Condiments,-275.33
FO34 3204 4520 9181 83,2025-06-27,VND,Kitchen,-4353.95
SA36 18SF STGD YLSW 81XE QNIY,2021-06-01,PHP,Food - Dried Fruits,-4114.86
PT78 0799 5882 1759 6133 2931 8,2020-08-06,CZK,Kitchen,-3617.2
LU39 450O EY4K VZJU JHCT,2024-10-10,CNY,Kitchen,4337.87
GI97 HURU ZHS3 DX5A SETB W9F,2023-08-21,COP,Food - Canned Goods,734.69
FR91 9076 1503 78PH OKO7 G5RQ K51,2021-11-19,JMD,Office,807.05
ES94 5586 9617 2638 0614 0028,2021-10-21,CNY,Clothing - Accessories,3098.53
SA90 44CK EF9M L36Y XFCJ MMIL,2021-05-13,EUR,Electronics,2182.07
MT74 CEYB 8736 4WTY NSHT JBUO XKJQ CEC,2020-03-10,MWK,Audio,1041.72
DO16 K8TK 1206 2299 0961 0876 8937,2021-01-14,EUR,Kitchen,2252.13
EE35 1444 8074 7354 0839,2024-01-24,CAD,Food - Prepared Meals,2413.12
FR44 8680 2538 75W0 BD4C Y3MD U39,2020-08-10,CNY,Home Improvement,2159.23
MR89 6112 8747 9841 6887 1022 435,2021-06-02,PHP,Food - Dips,-3971.13
TR26 2452 5CXD T8LL ZEWQ T4DS BW,2020-06-08,BRL,Home,605.2
BR57 2667 6437 4303 8902 7088 751S M,2022-03-01,PLN,Outdoor,565.3
BG35 AIMX 5328 876Z UQJP MD,2023-09-06,RUB,Accessories,-3625.52
DO86 NYR9 0267 5254 9468 7110 8231,2020-06-20,EUR,Food - Canned Soups,2883.25
IT23 V906 6311 362R KQ1I FFX9 CZ4,2021-12-21,USD,Food - Canned Goods,2760.25
SI47 0694 4517 2335 063,2025-03-18,THB,Pets,3439.29
IL31 0266 6723 0980 0578 401,2023-03-15,UGX,Toys,1994.4
GB05 NEJW 1248 4561 4665 35,2023-02-24,THB,Garden,3309.78
FR98 4285 8551 21PU CXVP L1TD J26,2021-05-23,CNY,Toys,727.58
NO06 4625 8265 621,2022-07-31,BRL,Food - Snacks,3604.94
ES88 2149 7259 3684 0159 1597,2021-05-02,UAH,Food - Baking,-1472.97
KZ89 835R 6YKP O2BZ YUHZ,2023-04-11,PHP,Food - Grains,2909.81
AD85 6587 3389 HVRB 4KDW UIKM,2024-12-26,EUR,Garden,1277.32
LU32 8468 JCRF EFOO GNAV,2022-11-16,PEN,Health,4424.75
BH92 STHP 3SJA AJ7W SXJA PC,2021-04-18,NOK,Kitchen,2602.26
SA55 84MI DQK9 4KZO EM5F DFHP,2023-04-09,IRR,Food - Meats,3773.16
SM86 K753 8174 500F UXNF HTIY LLL,2025-03-05,BRL,Home Appliances,-4697.24
MD09 YDHT QVC0 4MAW FO4C 2VSB,2022-10-24,IDR,Food - Condiments,-121.48
GT44 6MQM 0WHB J45S IPVP TQWZ MNP0,2025-07-21,COP,Pets,-544.61
NO84 5299 4284 881,2023-02-22,CZK,Food - Snacks,-534.07
DK94 7061 2274 3802 43,2025-09-03,ISK,Office,-4016.31
LI53 6308 9JS1 CUBE BJTS 4,2022-11-28,EUR,Kitchen,4512.97
FR39 3880 4205 9656 SMP1 QFO1 C99,2020-02-24,CNY,Pets,1424.89
HU82 3997 6002 1089 1292 2413 9349,2023-04-26,CNY,Kitchen,-2217.37
HR69 5616 9593 9376 6708 8,2022-12-20,BRL,Food - Freezer,-1322.12
CR66 9476 1678 6633 9923 2,2020-12-02,CNY,Garden,-4051.43
AL40 4854 8185 X6PY 6PEV UCH8 OK5J,2025-12-19,CZK,Office,-1495.75
MR21 4354 5832 7203 7897 8697 141,2020-12-22,COP,Clothing - Tops,882.7
SA80 83KB AEVC K6EW WRJ7 T5D3,2024-07-03,RUB,Electronics,2287.95
FR75 9072 7735 94SQ G9JS MG3S V04,2023-03-15,PEN,Fitness,-3943.48
FR68 4156 0410 08UX SO5G BTGN 756,2022-01-29,CNY,Electronics,-4134.91
BA26 9195 8401 1103 3795,2022-02-07,RSD,Office,597.12
SM07 F451 7886 014B S6RX HVJL DST,2024-05-17,CNY,Health,919.87
FR39 5626 6795 98Q4 45KR QY03 234,2023-12-26,DOP,Automotive,2756.11
PL31 8702 1499 7847 1474 7733 2593,2021-06-02,ZAR,Food - Nuts,4150.43
SA60 78ZD E5C3 Z1CV OBSR BMMR,2021-08-24,RUB,Kitchen,-2510.27
MK14 206G 6QUH JRYI S17,2021-03-29,ALL,Garden,4461.13
FR85 0836 3529 26LN WMY1 RROO 216,2020-06-02,PHP,Fitness,4055.76
IL90 8303 4055 5005 5849 911,2020-09-18,CNY,Outdoor,-4990.56
KZ67 320Y NXMC 55XP CSN7,2021-07-16,EGP,Food - Baking,-3505.97
IT76 V106 7829 823L KOWG UGBC JH5,2022-10-28,HRK,Fitness,4328.6
VG56 LXVJ 3020 5650 8468 4059,2020-04-22,CNY,Photography,-1630.07
MT64 HJYW 5128 5WTF QDJF TYG3 PYO1 FOX,2025-09-06,PLN,Pets,-1503.13
NL35 NIXE 8918 0582 62,2025-09-09,EUR,Kitchen,-1906.96
AL87 0182 7254 VYIO UXED CERM ORPN,2021-02-10,PKR,Food - Canned Goods,-371.42
SK35 6461 8271 2620 1810 2901,2020-01-15,ARS,Fitness,4553.18
FR82 8983 2385 608B CE0Z TID4 A61,2022-11-23,CNY,Food - Canned Goods,-3188.62
FR34 9275 7479 76DK MBDJ 4WKG P70,2020-10-10,JPY,Accessories,-292.38
SA69 73RU TM1M WP0Q TN1W YXOR,2025-08-23,XAF,Accessories,4792.78
VG13 UPAD 4330 3375 2270 7875,2020-09-01,CZK,Food - Canned Goods,-3372.33
NO11 2004 5276 628,2022-11-18,PEN,Clothing - Activewear,-4700.24
BH06 YXVN NK6R P28U H2RN DY,2023-10-06,IDR,Photography,-3397.19
HR21 8711 0822 1828 5544 5,2025-11-14,CNY,Food - Breakfast,-4974.95
DO24 8T7T 4214 3357 2356 0112 4536,2022-03-06,IDR,Clothing,-4314.23
NO33 7373 6491 483,2025-04-10,PHP,Kitchen,874.31
DE89 7317 7925 1136 0630 17,2024-11-10,SEK,Food - Baked Goods,-4386.5
MC61 4845 4625 23N2 EKQR 70P6 T92,2025-12-30,RUB,Food - Fresh Produce,887.86
FR63 3517 1871 65AR TQDK W8UM C57,2023-12-30,LYD,Toys,-2630.02
FR19 1625 3715 040N HFWU U8TG S36,2024-07-20,RUB,Food - Dairy,2418.07
PS41 IYEV EQ3R BCBA SRHE 822X OZLQ F,2020-02-05,EUR,Food - Snacks,-1338.35
LV57 IRAU BBBM WYET KWJU C,2021-06-30,JPY,Health,508.99
AZ02 NZGJ BWDT YJE3 8WKG UST8 0CPF,2025-08-29,EGP,Pets,-721.2
DE64 6717 7427 2391 0203 09,2023-08-12,ZAR,Clothing - Pants,-3939.86
FR05 2316 1632 49V3 2UVH PUAF W76,2024-12-19,RUB,Food - Oils & Vinegars,4110.84
AZ79 PROO KXR1 EYPS CE0S ZPYZ DGBI,2023-04-07,UAH,Food - Condiments,2124.45
ME58 6052 9707 2827 4007 74,2022-04-02,IDR,Food - Bakery,4520.08
IS83 3425 9547 9017 4252 3372 38,2020-05-24,CNY,Food - Seafood,-454.15
HR65 7020 8825 1453 9522 4,2021-05-08,BDT,Kitchen,-679.25
CY05 3804 0191 MUBF K5GG QCOT LXNX,2020-12-27,UAH,Kitchen,2378.45
GR80 3068 035R CSQS EZFT ONIX BOQ,2022-07-03,EUR,Kitchen,504.26
EE53 5462 5914 6532 4186,2025-01-25,CLP,Fitness,3555.66
GL61 2522 1070 7978 85,2024-11-21,THB,Kitchen,-2536.78
FR77 8167 9726 27G1 ZQML PXMC S97,2022-08-08,PKR,Food - Snacks,-1761.37
FR02 1498 3743 63LO JJEL IFBH R49,2024-06-26,EUR,Clothing,-4585.98
DO13 SGQF 4591 5141 0447 0522 9238,2021-03-25,CNY,Beauty,-4486.32
CZ27 1155 6876 4502 0685 4473,2024-06-15,CNY,Fitness,1219.35
MU94 LVPC 1731 5926 3494 4955 412Y KH,2020-12-16,CUP,Garden,-878.81
FR12 9148 2556 06C5 GS8O QHPY J33,2025-02-02,EUR,Health,-21.15
FR74 8275 6810 43YQ 7TQB RQQW X42,2022-05-29,PHP,Kitchen,-4211.43
AL42 1623 8159 EX36 KAYS 1S41 ATI0,2025-12-18,MXN,Food - Frozen Meals,2197.87
FR05 3005 8886 00QS 8TNM HAB8 H65,2024-12-23,PKR,Food - Meat,-1874.74
FR95 4101 4685 19UG D8UG YRRN J03,2025-10-08,UAH,Food - Baking,-2669.71
EE58 4257 0192 5328 0023,2022-03-04,MAD,Kitchen,713.7
AZ80 RKOB NCBF LCA7 2EIA OBE7 COX5,2020-10-20,RUB,Food - Grains,673.85
PK21 MOBR UL7C M8VQ F3BJ 9MIF,2025-09-08,IDR,Outdoor,2597.36
AZ45 NZYB RATL CK4L ITRK UXRO WDOT,2025-10-26,JPY,Food - Frozen,4999.65
SI77 9903 0108 9641 124,2025-05-01,CNY,Food - Dairy,1022.3
BG69 HYBB 0044 0406 BPSQ WN,2020-11-15,PLN,Clothing,-2747.41
LT30 8151 0860 6357 2511,2024-09-20,JPY,Outdoor,3335.39
DK66 8500 5925 4200 15,2023-08-27,EUR,Food - Canned Goods,-2841.2
HR08 4548 0035 6318 9560 8,2025-02-18,CNY,Food - Canned Goods,-4363.45
MK30 721F TIKG GOCJ L45,2021-09-10,MMK,Clothing - Footwear,2009.4
PL20 8957 0900 2812 1830 4462 3231,2020-12-26,BRL,Kitchen,-2267.7
KZ34 748O GP2Z 1NQP HFJW,2024-11-20,IDR,Health,-2648.04
BH49 WCJY QLRD E8A3 EXCO NB,2021-01-23,BRL,Food - Canned Goods,-2920.83
FR10 4805 8130 14F5 ATD0 WWDO D02,2024-03-01,RUB,Accessories,-964.75
FR46 4236 8575 33PZ NSOD WRAK X64,2021-08-24,CNY,Food - Condiments,-1182.12
LI83 2546 1MQ2 ENDY D50J Y,2024-12-30,IDR,Pets,-1926.9
NL37 IRGN 3892 8043 00,2022-10-15,EUR,Food - Grains,-2995.39
MU43 RRBW 0777 7594 4230 6577 942H QH,2021-11-14,EUR,Home,-3316.01
DO10 VGJE 1297 0072 9411 8996 3014,2024-01-28,EUR,Food - Salads,-887.96
TN96 5508 0783 0254 7421 0708,2023-02-12,NPR,Food - Baking,-2796.97
FR51 3575 0030 23BW 8BVY QBEK H78,2025-09-29,CNY,Office,-4928.12
CR02 4193 6946 0028 0947 5,2023-07-06,IDR,Clothing - Bottoms,-260.62
BR40 2990 0822 4427 2002 8280 374P P,2024-08-05,CNY,Food - Dairy,4009.97
RO68 EKLC ZSWO CREE IPS7 PLTV,2021-08-18,EUR,Food - Meat,-2586.64
GE91 IW61 8048 8302 0841 12,2024-01-31,CNY,Kitchen,835.08
SM31 O099 5416 577F VLFP UZW9 M5V,2025-02-05,BRL,Home,-1246.23
AZ32 PFUB LSXM KHNP 1FNN BIZL N7RS,2024-09-22,MNT,Crafts,3566.64
GR12 1226 7028 QNAR HYTF 5BTX FA1,2023-06-20,MXN,Kitchen,-101.22
LV96 JLPK ZR1Q NLIU E9YT L,2025-10-18,HNL,Food - Canned Goods,3189.79
DE82 9499 9706 1364 7226 10,2020-09-27,BTN,Health,1936.09
HR48 4365 1716 2459 1909 2,2021-01-31,CZK,Home,-4319.38
VG58 LITX 9103 6525 9503 9931,2022-06-19,ARS,Office,4994.94
SA71 11IF I8IH QHMP T5D9 JQFO,2023-10-24,AUD,Health,845.59
LV61 RRHN 2EVJ DH0R 6DDI T,2023-02-25,PLN,Food - Frozen Foods,4554.82
DE24 6293 5639 2722 9307 68,2020-09-15,IDR,Crafts,3821.47
GB73 TUUH 1007 0328 8787 22,2022-08-12,CNY,Home,4293.79
FR60 8173 7073 54VD 3APW 48GB I22,2020-06-19,BRL,Food - Produce,-2147.61
GT88 KZTN KFVY KGDG ARFJ VIK2 FNPV,2020-06-15,THB,Food - Dairy,-4212.23
AT65 2329 3580 0509 5146,2024-02-23,BIF,Health,2369.69
IE12 AYEW 9865 8329 5685 38,2022-10-16,EUR,Food - Cheese,2178.49
IT86 Q364 4610 202W KMBF WRS6 IY0,2025-08-23,BAM,Food - Condiments,3366.02
MU87 EBWW 2834 3008 5939 5273 967T MC,2021-02-15,IDR,Fitness,1009.2
GR45 8779 186Y FVPB 7FSB PDMU TUI,2023-05-31,CNY,Kitchen,-2840.02
SA20 143I Y8L3 5G78 MUQ4 KITL,2021-06-22,RUB,Food - Bakery,1937.56
FR62 6509 7676 20TC 3T0U 5SJN G68,2024-01-20,RUB,Food - Pasta,2195.97
MU13 IZDG 3047 6928 1478 8144 028J QG,2024-01-17,BRL,Accessories,3973.69
ES24 8939 3826 9740 4369 4194,2021-04-16,CNY,Accessories,4281.72
GE86 JJ50 7826 8695 2108 02,2025-12-22,EUR,Clothing,-4715.68
LV44 LEDV WMXW YPMI 2Z9G M,2024-07-24,BOB,Food - Beverages,842.69
HR11 3631 1861 5511 8018 2,2023-10-07,CNY,Outdoor,-3617.88
LT35 8615 2054 0527 1422,2022-06-24,RSD,Home,-3794.38
EE51 1265 2752 6132 7515,2025-10-03,PLN,Food - Canned Goods,-210.56
GL06 2477 8094 8323 98,2023-01-25,RUB,Food - Condiments,4495.95
MC19 4730 1487 339M PSC7 TB1P S86,2021-10-03,EUR,Toys,-4300.39
FR97 2713 9733 41KQ YC8N DFHK H63,2022-04-25,SEK,Toys,4385.27
GL31 3390 5961 7252 98,2022-12-14,BRL,Clothing - Outerwear,-475.98
FR58 3020 4037 76RA PFZ1 NGLO B86,2021-06-29,CNY,Home,430.07
PL95 4055 8750 0695 9568 9566 0974,2023-05-06,THB,Outdoor,1389.13
LI65 2042 5FE4 JONX BIYP Z,2022-11-18,EUR,Food - Snacks,-1496.92
PT86 3160 5645 9868 2816 1200 7,2024-10-14,EUR,Outdoor,2850.47
GB44 QBDH 1992 1978 3739 42,2020-12-02,EUR,Kitchen,1963.96
CR81 7523 8727 7522 5622 2,2020-12-13,RUB,Crafts,-2388.84
MT49 XMRV 1315 9U3S JFID PEJ8 9BRV WVN,2022-07-13,EUR,Food - Produce,-4980.46
FR85 4396 1678 46QP XY9C TL0C Z32,2023-05-12,BHD,Food - Prepared Meals,-1606.32
ME70 5376 8083 5788 6682 33,2023-09-23,EUR,Safety,4502.03
SM21 V899 3620 921T FXLB URND OQX,2024-12-25,MYR,Food - Prepared Foods,-3616.0
AL43 8737 3616 YZRQ MZRM N6EP KJRT,2022-12-02,BRL,Food - Condiments,633.06
FR11 2654 5294 23SR CSBQ BJDU Y95,2025-07-10,CNY,Home,-4435.2
RO15 AUAW MLMV TOCF ALK7 IAUI,2022-05-17,CNY,Outdoor,-2816.29
FR35 7526 8764 915O DBAC 5T1R H84,2020-10-04,PEN,Food - Snacks,1554.59
HU10 2067 6443 2491 3512 4447 7772,2021-08-13,TMT,Food - Snacks,-3656.23
LV86 ZQJA 99JY NHPH BSWP T,2025-05-11,CNY,Food - Snacks,520.14
FR64 7068 1807 503P EYIH VVAI A27,2023-11-22,EUR,Food - Sides,-2320.51
RO95 WAUR PWAY SV8I 8OAN AQFO,2021-03-17,PLN,Home,1648.42
VG22 CKDZ 7219 4716 1637 8134,2021-01-14,PHP,Crafts,-4228.35
ME60 0841 6351 3992 9104 02,2020-01-29,EUR,Fitness,3400.39
CY17 2522 8706 4EJC XSND OFAM JING,2025-02-25,HRK,Food - Breakfast Foods,2462.01
FR25 9924 1755 37AG HZGI KYSG L64,2021-05-07,CNY,Food - Snacks,-2789.03
FR10 3280 2739 26QG LNSH UXDZ B85,2025-06-26,PHP,Clothing - Shoes,-4013.55
IE47 GLSI 5422 9842 7995 80,2022-04-15,UAH,Food - Meat,-4887.83
MK70 484J NPQK 2KCG M62,2025-10-01,CNY,Food - Dairy,4103.39
RS35 9285 0538 8796 3530 43,2023-05-01,IDR,Food,2451.9
SK63 1365 1560 9542 4435 7221,2024-03-01,PKR,Food - Produce,-4496.15
ES17 8291 1117 7211 2974 8671,2023-08-24,PHP,Kitchen,1485.73
MC53 3855 1327 24LR VCY6 GZHB V58,2022-08-28,EUR,Kitchen,2404.45
FR79 3727 0003 92YG LREL 2YLI A13,2022-11-23,UGX,Clothing - Bottoms,-3122.42
BH25 GLXA MRPD IOO8 LJVY H2,2026-01-05,LYD,Accessories,-943.96
FR03 2610 0513 90H8 HNE4 USVB W39,2021-04-27,PHP,Food - Meat,-1420.02
LU29 175A LPPG JELA 2F90,2023-02-15,CAD,Kitchen,-418.71
FR58 9048 9288 80SM ETUK HOEM V11,2025-07-01,JPY,Health,-195.11
EE54 5093 3085 2257 5353,2021-12-29,COP,Kitchen,2955.1
EE92 5126 0559 0833 2967,2023-01-28,BRL,Food - Condiments,-1126.35
BR88 9924 6186 8964 3074 5190 215C Q,2021-02-03,BRL,Accessories,3160.73
BE85 9423 5960 3256,2022-08-24,MYR,Home,-1588.55
IL82 1956 2315 0427 9720 167,2022-07-08,RUB,Food - Canned Goods,1674.32
NL05 CSQE 0924 3147 18,2025-08-30,EUR,Pets,-1574.22
MR20 2391 2624 5148 0327 6634 584,2024-06-16,IDR,Outdoor,198.92
CY43 9232 3913 D8BU M32X WRBL USQX,2021-10-31,NGN,Food - Condiments,670.64
FR89 1425 1797 14XP SKP3 IBJW H34,2023-02-28,EUR,Kitchen,2781.61
MC19 3859 1537 74UR EESL 5DYO P09,2020-06-29,MXN,Office,3763.0
FR07 6165 4830 299T QUAI I3R5 P21,2020-10-16,PLN,Food - Grains,3029.58
AD26 5367 8401 KI1X IEFZ R8EU,2022-12-13,CNY,Kitchen,-1259.53
DE71 6218 5184 6000 7966 82,2025-12-19,CDF,Pets,3871.8
LB72 4266 OHQU W3WB L0C6 5RZV OZ0B,2022-03-04,EUR,Clothing - Accessories,-3003.19
LV53 FCXG G6RI SBJ4 UHKR 4,2025-10-01,JPY,Food - Produce,-2379.14
AD57 2882 0881 4N0K DRF4 ONEV,2025-06-04,CNY,Outdoor,-1806.09
FR08 4983 8012 55TO QASB NXSO S19,2022-04-12,THB,Food - Bakery,267.5
TR35 3467 3MPA 0DG4 XA3N 9BXB B1,2020-05-10,PHP,Food - Frozen Foods,4809.79
VG93 JVJU 3477 1133 0061 2655,2024-01-16,CNY,Pets,-4775.27
LV23 ATIY MZ40 FNE5 KDJW 3,2020-09-24,IDR,Food - Condiments,-1972.4
LT49 1245 3391 7612 4869,2021-02-13,MAD,Food - Grains,-3214.88
FR02 2162 4676 109Y UMMH 6FMC X10,2020-05-20,PHP,Food - Confectionery,-4277.53
IT42 Q328 5930 688A TIOH HRKO BPR,2022-04-15,CNY,Travel,3921.54
FR27 4881 2148 4314 0D2K EZ0Z S13,2024-09-24,IDR,Food - Oils & Vinegars,1672.45
KZ42 833X DUG5 TKLJ DKTH,2022-03-26,CRC,Smart Home,3091.2
MD50 3FTK 5RJO 1SXS BTEX ZEJH,2022-11-25,CNY,Food - Frozen Foods,3301.52
LI20 5042 7WRT OTBE SL0B B,2022-01-20,EUR,Food - Baking,-3154.91
IE34 PTHY 4768 2288 9057 58,2020-09-20,RUB,Garden,-2470.51
LT29 3564 0092 0633 1544,2023-07-03,MYR,Clothing - Bottoms,-3836.13
FR76 1617 1313 88A4 SNJR XGU9 881,2022-12-29,USD,Food - Snacks,-3897.57
AT04 8383 3553 7328 7722,2020-08-31,EUR,Food - Vegetable,-2064.98
AE42 9450 9940 2860 0814 381,2025-07-14,KWD,Kitchen,2178.31
HR91 3409 4386 6321 8036 5,2025-05-14,IDR,Garden,3938.32
BR29 4624 6007 1524 1120 9532 659L J,2025-10-11,RUB,Fitness,2714.17
SA88 15BJ JOPU UKRR KFZB MS67,2021-11-09,CNY,Clothing - Shirts,-4223.7
GB82 OARV 4009 5619 8125 18,2025-03-26,CNY,Toys,-4479.13
BA04 6283 3765 7515 4133,2023-07-07,SSP,Home,1574.22
FR03 0826 0127 17M9 OCTL YWUQ S16,2025-03-17,CNY,Food - Canned Goods,4949.68
LB74 8905 H0WM K90K SIOI 7GES DYTL,2023-11-28,CNY,Automotive,1856.82
FI88 8430 7232 5867 82,2021-10-13,SYP,Home,3949.9
MT67 NTJH 2611 3INE Y6OC HBZN YMNR TEH,2020-01-31,VND,Accessories,1811.79
DO47 IRSS 0772 6221 6558 5007 8584,2022-10-08,CNY,Food - Prepared Meals,3640.56
IL50 6520 9307 6615 0324 347,2025-01-25,CNY,Kitchen,1063.36
FR08 3632 8916 591A FB06 CTSX K41,2025-08-16,CNY,Kitchen,4544.77
CH32 4482 00JU 7FJ6 PIOU Z,2023-01-19,USD,Health,413.52
ES85 3825 5635 4672 0169 5424,2024-09-28,IDR,Outdoor,3488.34
AE72 5064 1147 6204 5870 446,2020-03-21,RUB,Food - Breakfast,-46.97
DK41 4672 1882 1185 14,2024-10-23,RUB,Kitchen,-2962.84
FR05 4624 5107 47CD LG71 SVCH B02,2025-08-14,EUR,Food - Seafood,1117.45
FR17 8613 0045 720F FYGI ALYH O99,2021-10-12,EUR,Food - Condiments,-1957.65
FR61 6980 0184 91HM XMWP QVSD 325,2023-01-25,CNY,Food - Condiments,2532.57
CY06 4292 0310 F5OS M7EF BPZX BBAS,2023-09-06,PHP,Pets,2227.71
DO79 507P 9068 3416 2612 5499 8219,2024-12-02,CNY,Pets,-863.18
DK78 5481 4120 5615 63,2025-02-05,EUR,Art Supplies,-2127.43
LU32 751Z IMN4 1L5K KVMS,2024-07-28,SEK,Food - Salads,2436.36
DE58 5911 9660 3234 9244 31,2020-01-02,CNY,Travel,-4333.66
FR94 5957 3765 96WW BLWC FCAI O80,2024-10-13,RUB,Food - Condiments,-1545.86
GL88 7227 4644 9574 90,2024-12-25,RUB,Food - Baking,3039.77
BA91 4121 6496 8282 8847,2020-01-27,EUR,Food - Snacks,3569.4
IS11 9450 7551 0561 0913 6037 81,2021-05-18,JPY,Food - Baking,-2124.35
BR53 9255 8903 2984 3668 9899 999V 1,2021-03-21,MDL,Garden,3627.08
FR93 4754 2415 72A7 KN2A VFDE V48,2025-06-24,IDR,Home,1787.22
IE20 XPQS 5794 0693 0980 83,2020-11-03,PHP,Toys,-364.87
ME23 5494 3822 6651 4739 90,2025-10-18,BRL,Food - Frozen Meals,1778.24
GE62 CT26 1507 1894 5932 47,2023-12-03,IDR,Kitchen,-668.7
LT08 9962 2256 2770 3836,2024-01-29,RUB,Home,412.76
PS93 JPET RDGM TZGW IB55 QW30 IXKT Z,2020-01-29,SEK,Food - Beverages,-3857.31
GL49 7795 1060 5481 42,2024-11-20,PHP,Clothing - Dresses,-66.09
FR68 5537 9505 30QA XDIY IEOH D95,2024-10-07,EUR,Office,902.09
DO48 2TWW 4264 2299 8707 8148 4610,2020-07-02,EUR,Food - Grocery,-2605.95
FR76 8758 6039 011T S84B MEKN E77,2020-02-04,JPY,Pets,671.18
CZ81 1591 4122 2662 6435 6983,2023-12-03,CNY,Food - Fresh Produce,4477.18
GB13 EQLS 5833 6683 2552 10,2023-10-24,MXN,Food - Seasonings,1224.34
NL03 WIQD 6461 1814 72,2024-07-07,IDR,Fitness,-1129.23
FR21 6248 0712 47XD KZBD URU6 P49,2024-10-13,IDR,Food - Spices,-1899.92
HR41 7428 7388 0227 4493 7,2021-06-12,CNY,Food - Frozen Foods,-2428.74
LB88 6180 2DJR 3HYR HLQP TOZY SWKI,2022-10-04,PEN,Clothing - Bottoms,2315.62
LB93 1929 TS95 FY0W OCRQ IGBT 6RON,2021-06-27,PEN,Food - Condiments,-422.45
SK50 1078 1362 2004 3902 2758,2021-02-22,RUB,Fitness,3310.42
SA24 348I 0SIZ B1QP VKQF GLVR,2020-11-08,IDR,Kitchen,2795.91
ES76 1476 3408 0268 0275 9378,2023-03-27,CNY,Garden,-1972.81
FR80 3869 4202 366W 4WBY VPDS Z29,2022-07-29,PHP,Accessories,3922.78
SK56 9942 2230 9254 0269 4773,2022-01-03,RUB,Food - Sides,919.49
FO05 6081 5979 4163 96,2022-08-06,CNY,Food - Baking,1391.78
AE93 2380 3155 4914 1593 956,2023-09-07,USD,Fitness,1926.43
GR26 6758 673M VJUY UHW1 O2UZ BRG,2022-11-15,NGN,Pets,1195.32
GT17 ZZLM R05Y KZHN XGTK 850L MM6D,2026-01-24,JPY,Food - Dairy,3092.61
FO47 9384 9259 0593 09,2024-02-06,CNY,Art Supplies,-3626.82
TN76 1369 3229 0807 6789 8302,2026-01-22,THB,Kitchen,3173.16
AZ91 TVDN VWCA X7UA YZ8V 9NMZ BFGG,2021-07-09,SEK,Travel,2853.93
SE42 9029 7132 5399 0779 8411,2020-02-04,PHP,Outdoor,-1519.0
FR80 0811 1286 90WK WTQE XXVK 097,2024-06-22,IDR,Bicycles,-2151.23
DO94 K7NX 1974 8572 5086 4999 5885,2024-07-03,USD,Kitchen,-2607.91
CH19 7472 2EKB THNL GXSW N,2023-03-26,CNY,Food - Deli,4762.2
MC44 5512 3667 98HL D1XJ GTTE 179,2020-10-08,BRL,Office,-1516.41
FR57 8098 7567 03AC 6GNB O6LC C71,2021-09-03,IDR,Kitchen,336.88
CH79 1022 6EZW AXWU SUAU Y,2021-09-17,EUR,Food - Condiments,-2750.57
ES97 0820 0465 7937 7217 4266,2022-09-27,BWP,Office,3357.06
LV85 YDAT C1SD CAEO P7KK W,2020-05-13,GTQ,Automotive,-337.81
CR30 5604 2314 2286 9940 8,2024-02-09,IDR,Food - Grains,-261.89
IS64 3489 7340 0613 6705 2817 75,2022-12-21,KGS,Pets,-1756.37
FR14 7072 7662 595R KCQY NIVK M28,2020-02-20,CNY,Food - Prepared Meals,1716.22
IL47 6610 9674 6525 3542 361,2025-07-10,PHP,Kitchen,1862.62
KW26 RWHS TVTZ CTNU HBCV HDYY EJHD OU,2021-05-27,PHP,Food - Nuts,-3673.28
GE24 MY43 5458 7579 1728 59,2023-12-22,PEN,Food - Snacks,-306.53
CH90 4444 21DO DRFA KUWG V,2024-05-05,CNY,Electronics,1077.11
FR33 9240 7208 103B M8KX FG8C M75,2023-12-01,BRL,Food - Condiments,4148.02
FR94 2334 9519 77RN 6CRX 1V4A F61,2021-10-02,SYP,Food - Frozen Foods,336.77
GE15 AT85 1785 8727 6611 39,2021-03-13,CNY,Food - Frozen,3796.61
GE12 TD57 1657 8292 8734 13,2021-06-29,OMR,Food - Condiments,1391.79
FR55 8234 5983 84TT F2YF LFPO E01,2021-07-07,EUR,Food - Frozen Foods,1263.17
GI21 XXRU K9GI ZX5M LGHN RSR,2025-04-30,BRL,Food - Frozen Meals,-4920.11
CH34 6511 9OJZ ZZWA 0RSY Q,2022-07-09,PLN,Food - Bakery,329.69
TN94 5356 0550 2142 2682 1460,2024-02-26,EUR,Food - Snacks,916.26
BH67 SWQD TTRG 5APO SG6F 3Y,2024-08-13,CZK,Home,-2979.22
LB48 2377 HPA9 GEAR NYOX SS0K 7CCQ,2023-11-09,SLL,Electronics,2916.52
MK38 183G MZAL 6PEH L70,2021-01-15,IDR,Toys,2438.14
IL63 9832 2927 5048 1422 456,2020-11-01,EUR,Food - Snacks,-1542.27
HU51 5451 7248 4481 9571 4206 9338,2021-06-22,PHP,Food - Dairy,380.71
VG17 ISKU 4687 3159 4880 1593,2021-05-16,EUR,Health,-4469.61
BH78 GMEK 0J0I BXYH GZNB RB,2023-11-18,RUB,Travel,4420.46
GL46 4763 6743 0747 16,2023-05-29,CNY,Clothing - Footwear,-3169.14
FR72 0490 9823 57BY V8GZ HEZG X54,2025-06-27,CAD,Audio,-1597.89
RS81 5817 7286 5833 0296 76,2024-10-07,ZMW,Food - Breakfast,1650.26
VG57 LGZK 2937 6365 9495 8786,2023-08-25,CNY,Kitchen,-1823.51
MR02 3493 3253 1526 2190 6386 985,2020-06-27,ZAR,Food - Meat,-4382.27
LV57 HAVH Q1CF FVMX A5YI E,2021-11-18,VND,Clothing - Outerwear,979.58
FR76 6617 8052 21WA JGVU MUR1 U71,2022-09-21,MZN,Clothing - Bottoms,-3011.81
FR35 2476 8551 12TP JVEI 7X9P L08,2025-06-20,AZN,Food - Bread,-3133.47
LT95 9433 4606 3964 9305,2020-09-11,CNY,Food - Snacks,3704.99
MT20 FTCM 1554 20ZY PYSG HBBZ DQ87 W5J,2021-11-17,CZK,Food - Condiments,3184.17
PK69 DCWD 6FHY BCIM NWNT BABE,2021-06-10,UAH,Kitchen,1142.23
FR23 2969 8204 91HU ZVZU DXC1 O01,2023-08-19,YER,Beauty,2890.78
SK25 2198 9472 1757 7372 0881,2025-10-13,IDR,Kitchen,-1292.4
LU79 4762 MYMP QEYS DCGG,2021-07-16,ARS,Accessories,-4937.79
BG87 WOKV 8366 70Y9 0SGC QG,2024-11-07,IRR,Food - Snacks,-156.6
LT63 1214 9843 5898 9783,2022-01-24,BRL,Art Supplies,-3319.51
AL75 5705 0433 LIKA MFNN FNOG QVYK,2024-07-13,CNY,Food - Dairy Alternatives,-355.01
LT20 6833 5416 7377 8826,2020-12-06,CAD,Food - Beverages,-63.25
SI87 3053 5164 6742 457,2022-08-07,EUR,Books,-3029.01
FR08 7902 7304 58VO IAJ8 DQEH 815,2020-08-25,AZN,Food - Prepared Foods,-4263.31
CH11 2124 30BP 8YCS PQNE L,2024-12-13,BRL,Home,-1372.97
MR77 1929 9438 8685 5453 7609 016,2022-11-17,EUR,Pets,1016.55
LB02 6419 DRII ELA3 ZUSM GZ5U 6R2C,2020-05-17,CNY,Food - Prepared Foods,4651.62
RS06 5789 7371 9590 9188 28,2020-06-02,COP,Outdoor,-2609.58
DO48 2TTN 4545 3740 3061 9361 0469,2024-02-06,VND,Photography,4107.57
FR34 1622 3251 51YX OQ3O JMVH S43,2022-06-19,CNY,Food - Prepared Meals,3822.61
GT72 JI5S NITV 8CXF 6PP4 FSTY PUUV,2023-05-30,UZS,Food - Dips,-973.27
TR82 2050 4QH7 7YTU XI0L CZHL OZ,2020-07-10,SYP,Food - Bakery,-3656.02
FR25 1547 3466 27IY 5D2P M3TD 733,2024-03-14,CNY,Kitchen,3032.03
NL72 WKBK 2016 3537 02,2025-11-05,PAB,Sports,-372.67
IE25 GHTA 4687 3815 8340 53,2025-10-14,HUF,Kitchen,4004.3
SK81 6609 5348 8324 2905 2206,2025-05-07,CNY,Food - Condiments,1009.23
KZ40 2842 H4XR WL86 JOFN,2025-11-25,IDR,Kitchen,1916.0
CH57 0160 4YQQ OEPO EGEM 5,2020-09-16,VND,Food - Grains,2835.79
NO31 8195 0498 467,2023-10-26,XOF,Home,4702.71
PS86 RNGG 2ILX H2XG GJV6 Y5G7 JGOA H,2022-10-25,TZS,Home,-1237.21
LU54 917Q QN7X WVSZ CLGX,2020-11-18,COP,Food - Breakfast,-1746.13
FR71 4157 0221 42GC Z6JU FUI7 O10,2024-10-05,MXN,Food - Condiments,1911.92
IT83 S740 8607 739T KCTQ PZOR OYN,2025-04-03,UAH,Food - Frozen Foods,-4706.21
GR50 8561 721R OCJI M23Z EJDS A9K,2022-07-08,PLN,Food - Meat,-2519.46
MU93 TMBB 3920 4924 2045 8447 125I FN,2023-11-28,PEN,Food - Canned Goods,-904.15
AE34 0835 7596 6457 8837 027,2021-08-21,CNY,Food - Prepared Meals,154.94
GE19 OM14 3344 1252 8042 93,2021-10-09,XAF,Food - Soups,-1931.41
FR04 5854 4283 50X4 ZIOA 3E6G 725,2022-06-10,THB,Food - Condiments,1358.28
BH62 RVIL BMEV D8B4 0J5T CF,2021-08-27,EUR,Food - Snacks,-4250.82
NL44 QRSZ 8448 5905 29,2020-07-09,DOP,Food - Household,2340.01
BA98 4691 4812 6051 8179,2025-10-01,IDR,Kitchen,-1622.47
FR74 9910 3862 87WC GUDL JZFZ I94,2022-10-13,BDT,Tools,-4679.4
LB35 9748 1RM0 JOAB D4UW HRWR YY7H,2022-02-10,BDT,Food - Deli Meats,2865.28
LU96 296Z DCNV GFMM 0SFE,2021-10-25,GBP,Pets,2387.13
FR63 8335 0816 46MV XURS MKRE J33,2022-02-06,ZAR,Food - Salads,-3102.03
LV73 QUGO TRBE OFYF BEVE C,2020-08-03,CAD,Food - Condiments,2493.66
PS76 TZZM YZHG 62DN 4CTB SDV8 XWA6 1,2024-12-24,UZS,Accessories,-1326.57
SA55 1867 8N3W SYPQ Q1FX YPIU,2023-11-27,USD,Home,16.55
BE41 7454 0569 0305,2020-11-25,MAD,Outdoor,3463.62
LB70 6097 OA9J RCWH MFFZ AS3R QCU8,2022-11-21,CNY,Fitness,130.98
FR28 9677 0295 35X4 SPH5 CVAZ 007,2022-12-22,BGN,Fitness,-2565.42
GT89 LEEI RRVN VKWB H6RN A8BI A1RK,2022-05-19,CNY,Audio,-796.05
FR92 0279 5206 02DD AUZA EK4M R88,2021-10-17,UAH,Food - Dairy,-417.18
FR98 7112 6421 57PB K61S MAMD 590,2024-08-10,IDR,Kitchen,3324.99
LB58 2167 A4UD DTSJ CH6S VATU 6MWA,2021-12-28,PLN,Food - Produce,-1896.87
MR02 3706 0743 5440 3309 3131 045,2023-01-23,BIF,Travel,3580.08
FR76 7196 6237 90JJ MS5N RUOG F39,2022-07-02,CNY,Food - Condiments,-287.49
GE02 PC73 7472 9979 6429 77,2023-10-26,BAM,Art Supplies,877.38
BR64 4073 5179 9315 7531 1326 895V U,2023-11-01,IDR,Food - Frozen Foods,3280.96
CR34 9502 7237 7880 2632 6,2023-10-05,YER,Food - Beverages,-1681.81
MT88 DJGF 5617 0DXD IBU0 OT1E ZO5S L7U,2022-11-22,CNY,Food - Marinades,1174.37
FR62 4908 1566 85UF E334 UNIH K10,2025-09-30,CNY,Food - Baking,-906.84
VG03 PVHT 7903 8451 8796 1085,2023-07-31,KPW,Fitness,-2463.73
ME62 5314 7132 4859 4071 43,2023-07-13,JPY,Food - Cereals,-647.66
BE89 5346 5348 7092,2020-04-03,CNY,Food - Bakery,1874.74
GB63 LOXY 1913 4728 2249 19,2023-06-03,RUB,Outdoor,4098.07
LT78 5961 4800 9050 9300,2021-08-20,PHP,Accessories,4351.73
NL77 ISZC 5934 6565 11,2022-09-04,RUB,Food - Vegetables,3240.17
KW35 EQMP 8Y57 XZDF FSNT 2SLH D36I CX,2020-05-14,RUB,Garden,-4503.63
LU24 872W WUKZ FKPP MCKC,2024-01-13,MUR,Kitchen,-187.24
GR50 4021 357Y TDAI YFNJ UYWS QN1,2023-12-30,SEK,Food - Beverages,3440.58
LV29 XAXE YWGR 3I26 RS9I 8,2023-11-04,IRR,Food - Snacks,-3156.93
BH83 CAJB GSVB 2ASE T8W9 RY,2024-05-27,CNY,Food - Prepared Foods,-3451.4
RO12 OIJQ MI6T WLWD DRQS VRRM,2021-12-02,CNY,Food - Grains,668.15
AE56 6823 6417 1505 8126 761,2020-07-06,CAD,Pets,1721.12
GI57 ZGTU YD3Q HRNQ ADBI LFI,2023-12-06,ETB,Home,-4529.41
MK22 421B 1AAR 79MI Y41,2021-11-23,CNY,Food - Condiments,4251.81
LV71 WQZA HPIZ 6IOP 3NVX X,2022-08-28,CNY,Food - Beverages,-3011.2
FR38 6343 7301 69RX 7BE4 1NCX 292,2021-11-15,VEF,Toys,-2406.26
SK16 3117 8537 7253 9975 7406,2023-03-16,ARS,Art Supplies,-4464.23
GT49 IXGL VDLF DRKM A5CF OXC1 UJ0G,2022-02-17,CHF,Home,2900.48
FR95 0842 4886 85VT 9B9U CJDT 141,2022-10-01,MAD,Food - Fruits,2022.75
DO90 SZJ1 2340 2757 3218 5990 6518,2023-12-04,EUR,Kitchen,-1550.12
BG92 AGGO 8614 15WY Y2EG QV,2020-11-12,EUR,Food,-4037.06
LT41 8264 9576 9125 5186,2023-06-02,CNY,Pets,2662.37
BA39 1035 3296 1561 5659,2023-04-19,RUB,Food - Condiments,778.41
FR27 2227 9972 97OR ZP7X VQEO B02,2020-11-27,COP,Toys,-2107.99
SK92 5452 1300 5457 5962 5265,2020-12-06,MGA,Food - Vegetables,-2311.38
AD52 1696 8038 RVMU HPGC QHGY,2024-12-24,SEK,Beauty,2479.9
PK57 ONLU ENXI F8RE KIX1 YRT5,2022-02-13,NIO,Food - Frozen Foods,1740.38
FR52 0683 2395 32YP T43S BTLW P21,2020-12-21,EUR,Kitchen,-4662.47
GB76 UYRF 9490 3780 6426 18,2026-01-22,EUR,Food - Condiments,1982.95
FR14 8926 5639 21WB VJWK 6GT3 N60,2024-12-25,USD,Food - Baking,-404.31
GB19 KQYW 2249 6644 5514 68,2021-03-24,UAH,Food - Snacks,2348.16
GR12 4310 978B L0CL XJED YVRP XBI,2022-08-25,USD,Pets,4657.31
KZ68 0933 QECO TXCU SG1M,2022-05-13,RUB,Home,-4926.99
EE42 6520 1170 4184 9135,2022-03-06,RUB,Fitness,1710.61
IE67 QQJK 6445 2557 9520 49,2022-05-02,BRL,Tools,-3620.9
BH69 PABX CI8G WOZQ MUCM KA,2021-02-09,JPY,Accessories,-2238.63
DO39 GU8G 1542 9714 0939 7431 7113,2021-10-07,PHP,Food - Condiments,901.62
MC75 4701 2970 65OI ZCQ5 MMJ7 B80,2021-01-29,IDR,Audio,-302.6
LT35 6548 9704 7838 9665,2025-02-10,RUB,Food - Bakery,-2084.03
PS50 EEUO ONCG 2O95 GBPJ MN5D AWCP 3,2021-01-16,THB,Food - Prepared Foods,-3789.89
GI72 IQSH DRKC PMBO ULRE THC,2022-11-30,CNY,Food - Produce,-4481.76
MU75 EOFE 0197 4195 5941 2664 154Z UY,2022-05-28,HNL,Food - Soups,2405.58
MD67 UYSV PHMX RXUI J1R5 F8MZ,2025-03-10,SEK,Food - Grains,-3169.76
IS63 9102 9640 9463 0763 6081 56,2022-10-05,CNY,Garden,194.98
MC12 3999 3665 21WV AEA6 XDOA G89,2020-04-10,XAF,Food - Beverages,1726.8
ES08 0758 5058 3429 0726 8465,2020-10-24,ETB,Kitchen,2596.4
CY06 1687 4829 LCNO BM8F HSYH XEID,2024-05-09,MXN,Home,-106.73
FR28 5399 1245 49YS RJOU UPMJ Z70,2022-04-30,MGA,Pets,-3008.48
LB51 6835 WA1C ZPJF NF1D DRSL I8TQ,2021-07-10,EUR,Food - Prepared Meals,-2511.34
FR53 3685 8994 23VF UDOO YUI4 G67,2020-01-15,EUR,Art Supplies,808.02
ME87 3686 4949 8342 2769 83,2021-03-17,PHP,Food - Snacks,749.22
MR12 0471 1933 0006 3074 0667 853,2020-12-23,AFN,Food - Produce,2540.65
IE32 RMMH 8736 1878 3798 29,2021-11-12,AUD,Travel,-2355.77
LV35 BFCE Z5QG QSFB L136 R,2024-06-04,USD,Food - Condiments,4637.72
TR05 0687 1U6N GLSA WNCE IZ3K RI,2020-10-06,USD,Audio,4167.19
IE18 LMXP 4602 1574 5100 65,2024-09-06,CNY,Clothing - Outerwear,305.92
MR74 2310 3313 8036 7647 0108 561,2020-09-19,CUP,Food - Canned Goods,1716.25
SI07 4241 1646 5180 949,2021-10-06,CNY,Kitchen,-2793.01
CR70 0130 2522 4073 1832 8,2022-03-13,MAD,Food - Vegetables,1655.35
MU88 TXJL 3865 3691 9028 2089 080Q KC,2025-08-30,IDR,Food - Dried Fruits,-3532.44
GI90 LDAG JK3N 3ISM BIHO ZJ0,2025-07-01,EUR,Pets,3865.75
FR04 6174 8217 91CZ EZ5D GW4N T65,2025-10-04,THB,Health,-2478.8
VG79 PEXD 7064 7501 8583 0384,2023-11-30,EUR,Food - Snacks,3327.33
DO76 RBKQ 3231 5487 1614 5785 4472,2024-02-04,CNY,Outdoor,4413.79
GI08 NTSX WICN 63N8 J9EB APC,2025-11-06,IDR,Bicycles,-1910.33
SE08 8172 1423 7097 5603 7573,2021-01-26,THB,Food - Beverages,4894.81
GE82 ET89 3077 7464 6746 81,2022-11-25,IDR,Fitness,-3370.22
SK94 6162 8514 4268 7286 5487,2023-09-10,UGX,Electronics,-3723.48
GT39 3RSL SFJ8 XUKU PWGF JVFQ EUIX,2021-12-09,VEF,Food - Baking,-4414.77
CY41 6555 6100 BA09 RL4M 34AQ XRNP,2024-01-31,NGN,Food - Breakfast,-4366.46
GI37 KVDA ZMUC 6N9H GPSQ IQX,2025-11-12,NZD,Food - Condiments,-2154.36
FR40 8417 6936 61ZO 1LCJ JT5L U18,2021-07-17,PHP,Outdoor,-1427.5
FR50 9335 0920 83ZC OHUJ 8KWM I32,2023-05-18,CNY,Books,162.47
BA85 7775 6973 5503 1682,2025-07-15,UAH,Home,4530.54
CR50 2270 8409 9967 2935 1,2020-01-13,AOA,Food - Condiments,4462.13
FR78 8160 6450 2280 YNWU AJ7M H57,2020-11-21,CNY,Food - Baking,836.68
DO94 XPEB 7588 6468 6389 9834 4486,2025-11-26,CNY,Food - Baking,2266.51
PL70 6726 2895 0617 0748 5286 5470,2024-05-14,IDR,Food - Frozen,2910.6
DO61 D5DU 3794 1885 5877 9440 1972,2020-05-23,NOK,Food - Beverages,1125.58
CR19 0539 9757 9557 1163 4,2022-03-18,XOF,Food - Snacks,4410.46
FO07 4232 1303 9922 10,2025-06-16,USD,Garden,2341.4
TR79 8202 09DQ RMRS NZTV 4GZL 01,2023-03-31,IDR,Fitness,2561.57
MU39 KVZF 4423 1732 0729 8563 865Z RD,2020-11-18,ETB,Garden,-3880.03
SA53 60CP ZHGJ 2JAB 2CYP YJSS,2022-06-02,IDR,Food - Breakfast Foods,474.71
FR10 6391 2326 09SO P17E YCYS L52,2024-08-14,EUR,Beauty,3007.0
FR92 9030 2150 563Y VSTN M7JF F54,2020-11-24,EUR,Food - Canned Goods,-4266.01
LB23 0398 B7KL KKIP P1VA 4P3K SO3Y,2024-03-04,ILS,Footwear,4426.53
GI56 IQWF SIX3 NC2R HJDL MS1,2020-07-11,IDR,Food - Condiments,-800.64
TN35 8081 4642 2192 1933 7053,2023-11-04,USD,Food - Pasta,1502.04
ME51 0052 3474 3522 4302 45,2022-01-20,PHP,Accessories,-523.57
FI60 1732 4240 9973 39,2021-03-27,SEK,Kitchen,-2753.73
RS28 9997 9556 6412 3847 01,2021-07-20,RUB,Safety,3503.15
GB86 WLOI 4407 0059 6765 96,2021-12-29,MMK,Food - Beverages,4810.6
DO96 CF7H 4437 1208 2583 2441 6221,2022-03-04,CNY,Kitchen,3535.35
EE81 4278 7988 0822 3605,2023-12-28,RUB,Kitchen,2548.6
ES69 1011 5192 7642 8319 5101,2025-09-19,USD,Home,-750.53
TR96 0400 9FAZ GNTB XWLK 9FHQ RM,2020-04-10,CLP,Food - Snacks,-1796.28
MT81 CRAZ 9661 9XI7 85PD 6GIU N4JQ FHT,2023-02-25,MMK,Food - Meat,-3033.15
IS14 3677 4880 9668 2422 9310 84,2022-08-16,IDR,Food - Frozen Vegetables,348.05
GE64 GT94 1695 8941 6050 13,2022-07-11,EUR,Home,-2133.91
FR22 2784 7962 41ZH CQSG BESC R19,2022-03-29,RUB,Photography,-3175.24
FR59 1115 8747 58MU JJQC 6YF5 S95,2022-05-11,TTD,Office,-447.74
AE91 4297 7034 2927 3119 661,2020-11-13,LTL,Gaming,-1849.07
GT26 PO2A KVRF QIET RVEQ 94FR S5A8,2021-04-12,RUB,Wearable Tech,3846.23
RS07 2761 3623 3374 8862 20,2022-08-06,JPY,Kitchen,-4100.68
TR72 6871 4MKN AZBH AN5Q 6BKN MZ,2022-04-07,EUR,Clothing - Outerwear,549.94
PT98 1681 5377 2858 6150 6247 9,2024-08-29,MKD,Food - Condiments,-3931.4
IS30 7669 8997 3405 3236 5077 74,2026-01-06,MKD,Clothing - Skirts,-1479.18
DO76 EBQF 4675 2799 4475 0299 1408,2020-06-10,CZK,Kitchen,-3377.01
BE05 5150 8949 0995,2021-02-05,EUR,Fitness,2260.34
FR18 9673 2812 33JS 50IK V6RA G15,2023-11-27,EUR,Food,-1592.43
FR37 8464 7396 35EH 77ID IWGZ R44,2022-08-30,EUR,Food - Dairy,3180.66
AE52 6489 9532 6746 9727 433,2022-09-04,BRL,Food - Pasta,-1708.05
MD50 EJU3 3LZP OQVZ BIBF 704K,2025-11-25,IDR,Clothing - Shirts,2303.97
FI58 7978 7712 5202 68,2025-02-20,CNY,Audio,-3538.15
NO14 2663 0611 424,2020-12-19,RSD,Food - Sauces,-4406.41
GL27 5077 2692 9070 25,2022-07-18,IDR,Baby,623.62
FR03 8384 7217 53SN ZB7P 4GNZ M80,2022-08-01,RUB,Food - Snacks,-1434.47
HR93 5255 5544 2175 4496 7,2021-11-05,NGN,Outdoor,2386.77
NL91 ATHO 0561 1199 81,2022-09-11,XPF,Pets,3198.25
BG91 WMOE 1866 26BH 5JUX QH,2020-09-08,GBP,Food - Condiments,-1271.87
FR36 0455 3963 725C TOZ3 4GTI 384,2025-12-27,EUR,Food - Snacks,2916.58
MC90 0498 8512 66AC IIAN SEY8 L65,2023-07-19,CDF,Home Improvement,-4473.08
ES40 8261 7883 0474 9665 5975,2021-02-18,MXN,Food - Beverages,1813.51
CY12 7002 5089 OLSG AW0S MN8J WHUV,2024-04-11,SEK,Pets,-908.82
CZ07 8414 0926 5475 8390 3750,2023-09-27,USD,Food - Produce,238.54
NL13 AAMV 4930 2112 22,2024-05-04,RSD,Pets,3266.33
LU49 062Z WCBD TFXC HAKL,2024-06-07,CZK,Garden,901.76
AZ43 RLQN BW9Q FFOH CARP 7NQD AN3M,2020-03-24,CNY,Food - Frozen Foods,4375.11
BR68 6496 6441 5051 6952 2949 601Q X,2022-03-13,CNY,Garden,3213.72
DO95 NWIP 2276 3009 1102 3917 9359,2024-01-30,CNY,Photography,-567.0
FR02 4098 7893 04XQ 5VRW ITEO X93,2024-07-29,PLN,Food - Snacks,-684.94
AL27 1102 1251 L7ZR ZNSD ECFN RPZC,2022-12-12,EUR,Garden,-373.55
FR61 5891 8336 92ES JAQE EPCR D22,2023-08-03,PHP,Wearable Tech,2137.16
MD04 DSO0 LOGJ IURR HLLW EKJQ,2021-04-09,PHP,Food - Snacks,4761.43
PT45 1979 0900 3479 8526 4853 1,2020-02-14,UGX,Outdoor,-272.2
GI47 VGAV ENQP MLGC ZRO7 Z0F,2021-04-26,CNY,Electronics,-1156.27
MT39 DZXZ 0370 2M3F ZW4G DOXP BATV WB5,2024-09-20,CNY,Food - Meat,2240.19
MC35 5915 6177 669T 0V4L KPT8 619,2022-09-07,NGN,Clothing - Accessories,1489.48
CH13 8678 2NBC GWKH A8Y8 J,2024-02-05,CNY,Food - Snacks,-2056.0
SA62 02RD SBNL II5E VXEH SNOT,2020-04-07,COP,Pets,3075.74
LB42 8677 UM7K UITI RO2O E1JX LJ24,2023-08-29,EUR,Food - Spices,-3072.25
AD26 9253 2211 4NNE DXW4 FGY6,2024-06-15,BRL,Outdoor,4237.2
MU87 OSHA 5832 2143 1695 8122 173Q MA,2024-12-06,CNY,Food - Cereal,467.38
LI93 8173 1QNE BKFF 7LYF K,2020-11-04,CNY,Food - Bakery,-4948.8
FR59 5172 8223 99NP KN7C 4PLO E22,2022-11-02,USD,Pets,28.08
AZ61 IBJV OBCI FGOQ V7WD Q4GD OQDP,2024-10-25,XAF,Food - Sauces,3066.77
FR02 8851 8338 33XZ U8IT 4Z7H H39,2024-02-14,SEK,Outdoor,-3694.36
TN04 4228 9227 8649 2368 6355,2024-09-22,KZT,Outdoor,-4003.67
PS25 KJBL F80A 34IM QPGN HWBO W1JA P,2025-08-11,PLN,Food - Bakery,1692.15
RS90 6798 1515 1554 1958 98,2024-08-23,PLN,Garden,4553.3
LV40 UUMF Q1KP 746Q XGIB X,2021-11-01,USD,Food - Bakery,-2743.12
FR12 1042 0606 10IK C4VN CXJB 506,2025-03-02,EUR,Food - Frozen Foods,3879.09
MD29 V5AT DB1X AESS Q9BC NPP1,2020-02-11,EUR,Kitchen,1183.62
SK07 6270 7079 2180 0972 5218,2023-10-21,CNY,Food - Beverages,-4585.73
CR16 7284 9118 5442 2904 9,2022-11-10,KMF,Food - Bakery,2686.79
LI51 7661 3NKT SW30 GWZQ 2,2020-05-13,CNY,Food - Salads,1015.74
LT82 8982 1392 2405 3523,2022-11-24,BRL,Safety,-4883.22
DO34 YMOJ 0659 6436 2639 7343 7439,2024-09-19,EUR,Garden,-4186.12
BE93 1779 3096 0965,2025-03-16,CNY,Food - Breakfast,2697.65
AT29 5059 8513 8667 8175,2020-04-02,CNY,Pets,-3318.67
DE43 5996 9160 6886 0310 01,2020-08-16,HNL,Food - Frozen Meals,2930.22
HR54 1416 2545 1735 7856 2,2020-05-07,BRL,Books,1174.33
MR88 0792 4217 5742 6290 2184 315,2022-10-18,CZK,Clothing - Activewear,-2858.58
GI58 IXRN HNSM YDLB LPEN 1IP,2023-09-26,EUR,Kitchen,-3021.96
IE21 YGMZ 8284 0915 8178 64,2020-09-06,NOK,Food - Meat,-1897.08
FR81 3391 8992 32CZ AUFA E6ML G56,2024-01-06,UZS,Food - Prepared Foods,-4834.15
AD88 5765 3225 KELB 6OYV F5YH,2025-06-29,UAH,Health,4916.96
NO96 0998 2325 542,2023-08-10,CNY,Office,-4294.62
IT33 C938 1148 825N 1F4W 3BPS KT8,2022-03-26,UAH,Food - Prepared Foods,1866.33
FR80 2480 8239 04TH JELU N5CR B62,2023-05-02,EUR,Food - Breakfast,1848.0
FR13 3779 7477 13V2 V3GD LBQN K02,2023-07-25,KZT,Food - Snacks,-4017.38
DO89 0XLQ 9600 8650 6923 8233 7111,2022-05-03,CNY,Outdoor,-64.49
PS10 FZRK 09TF AZIW ZZIM YRKL K0BO E,2020-09-19,CNY,Kitchen,2863.43
PT79 3970 7612 1493 5082 2557 7,2025-12-08,IDR,Food - Dairy,-3146.73
GI27 MHQW OY9Q SCEC TSKZ SIU,2021-01-24,IDR,Pets,2172.14
BG39 JVNE 0136 182X 8UFD QB,2025-07-31,PEN,Clothing - Bottoms,4417.87
EE88 6885 6990 6581 1852,2022-11-25,TND,Travel,-1996.18
FR20 0029 0529 78CO MEVM DO1V 927,2023-10-23,EUR,Pets,-1536.6
LB88 7968 UVVJ 3YGC VHVY SVTB HNKE,2020-04-03,BOB,Food - Sauces,1523.74
HU94 5301 3213 9745 3821 1815 6716,2020-09-15,CNY,Food - Dips,4610.2
LT80 4034 0547 7760 7563,2020-06-19,XAF,Outdoor,4654.41
MT69 YINI 3311 9QZY YMVO 1IDJ BNBX W4O,2024-01-20,IDR,Food - Spices,-3080.24
LU31 176E ZATP 6CRC CGFM,2020-06-16,RSD,Travel,4706.81
AE28 4652 5988 7912 2424 379,2020-01-04,UAH,Health,-220.05
GT95 EKHP OG8G 78U3 QRDA Y8Y5 EFQL,2022-10-19,BRL,Food - Produce,-4835.33
BH98 WIYX 0IA0 HIWK NGQQ JZ,2021-06-25,CNY,Accessories,4925.12
SK92 3577 3914 5106 5433 8584,2021-03-20,JPY,Food - Dairy,3661.21
MU91 ERNW 2300 7387 7065 5064 449S WC,2024-03-30,KMF,Food - Prepared Meals,808.23
FR60 3322 9884 73KP GIPC CDDZ 074,2023-01-23,JPY,Beauty,1604.04
LT52 7976 5202 9631 8579,2022-09-08,CNY,Food - Dairy,3841.86
FR17 3339 7097 7631 X0SK A4IY 147,2021-06-21,EUR,Travel,4485.78
ME59 9436 4405 5592 9827 27,2026-01-02,EUR,Clothing - Tops,-1867.2
PK08 JGWR QRVN WCQV 69CB UYHZ,2024-03-10,CNY,Food - Salads,-4081.49
GB04 WGKE 4232 0366 6782 93,2025-11-05,CAD,Food - Canned Goods,4185.44
RS05 4133 6083 6859 5035 54,2020-10-28,RUB,Food - Bakery,4459.59
DK43 3384 9212 8326 24,2026-01-23,EUR,Fitness,-2090.95
KZ43 340V WGYW OGR2 OX32,2025-05-10,CNY,Food - Breakfast,-885.46
PT87 0735 0552 3503 8327 5305 0,2025-01-25,RUB,Pets,-3481.26
FR71 1031 9815 55GW EOGK YAFZ M12,2023-04-14,EUR,Tools,-4820.47
PT04 7171 5627 3222 0843 8260 6,2024-12-02,ARS,Kitchen,-1701.25
TN46 8479 7107 8931 6325 3952,2022-02-12,MDL,Electronics,2774.78
AZ47 WVEF HJFU AUVY MOJU 8DHA YTT1,2024-11-03,NZD,Food - Condiments,2570.45
LV08 SDLB 5XJL GHPQ BMY3 Q,2025-09-16,CNY,Food - Canned Goods,2417.05
HU12 9786 7252 0664 8878 8671 9939,2024-08-11,RUB,Food - Sauces,3869.2
FR30 7900 5117 20KZ UF58 CZ6A S89,2021-08-31,CNY,Food - Condiments,2826.42
NO41 7873 1798 503,2021-10-13,IDR,Food - Prepared Meals,-2559.48
AL19 2619 4692 TE7Z XPTP NWTN LA8K,2024-10-15,MXN,Outdoor,-1066.82
FR26 1599 9702 860T IQSP W710 P35,2025-04-12,IDR,Food - Canned Goods,4509.56
BR66 0059 2027 0978 5489 7210 331K 0,2023-03-20,VEF,Food - Prepared Foods,4267.83
CH55 5239 3WKY 6AFB MA7G X,2020-06-12,CNY,Food - Snacks,-4867.16
IS61 4894 5842 5073 1211 0343 47,2021-09-06,VND,Kitchen,654.02
LV88 VNXS BED4 SW16 NZLL H,2020-08-16,CNY,Food - Snacks,-1364.63
ES16 5957 6363 9487 5668 2983,2023-10-13,CNY,Home,-3069.74
GR18 3465 729S IHM7 ODKF DEDK OED,2020-06-25,CNY,Food - Salads,286.06
IS47 1470 5122 6335 8442 8535 46,2022-07-09,BIF,Food - Bakery,4664.98
BA76 0446 6553 2154 5267,2024-07-28,CZK,Food - Vegetables,3916.54
EE10 4474 1128 6850 7708,2023-05-10,EUR,Home Appliances,-3054.28
NO50 9952 8783 126,2024-06-19,EUR,Kitchen,4637.96
FR63 8674 9147 10U4 SEMX 0KC9 J65,2022-12-25,PLN,Kitchen,2067.39
FR91 6235 8022 37MQ FCX0 WLUC F89,2020-07-28,BRL,Food - Condiments,-1822.83
FR27 5814 1451 85CX PUBK C50Y K84,2020-06-30,USD,Outdoor,1909.79
PT38 6441 0483 2737 5323 7896 2,2021-01-18,ARS,Kitchen,1886.3
FO97 8041 8451 8998 19,2020-05-01,EUR,Kitchen,-3261.25
IS45 3482 5326 0490 7712 8379 94,2025-10-11,MMK,Food - Grains,-4531.84
AT12 7994 7341 3697 9056,2024-05-17,KGS,Garden,3783.41
FR22 9860 9502 137G RAQ6 HP0B C81,2023-07-20,BRL,Kitchen,109.88
GL57 6873 8273 6946 63,2020-09-19,EUR,Kitchen,4020.49
IS23 3794 9282 5610 1389 5972 31,2020-06-08,MYR,Food - Spices,-4077.64
PL19 2841 8369 5912 3903 1015 4761,2024-10-13,USD,Food - Condiments,2793.34
FR02 9578 7094 79XE BQAY JZGL C06,2024-06-17,COP,Food - Vegetable,-4479.11
AD55 8289 3414 2JDW UVAE 4RG3,2022-08-25,CNY,Home Improvement,-2270.37
SI57 2315 9795 2815 237,2024-10-18,IDR,Food - Breakfast,-3070.07
DO62 XKSH 3644 9533 9072 3469 7087,2023-01-26,PHP,Food - Baking,573.93
FR23 3834 2073 38FO UDIS YJNA N14,2025-04-23,EUR,Food - Snacks,1805.8
FR42 6447 1166 15IQ 9IW1 MRAK D30,2021-01-25,JPY,Outdoor,-4842.05
GE57 JZ36 6529 0924 3138 21,2025-03-06,EUR,Food - Meat,4821.7
SI21 7961 6590 3591 895,2024-11-04,USD,Food - Fruits,4434.02
AT22 2089 3700 7244 0450,2022-02-28,AFN,Food - Seasonings,-3058.49
FI06 0272 6209 5992 00,2024-01-07,IDR,Food - Snacks,3524.73
GT74 DSBT GRG3 ZBWY 3GF9 JE43 OFUO,2020-12-27,PLN,Food - Dairy,599.76
MD62 GQX6 WPAT Q7NG JVSI D11V,2020-11-01,CNY,Food - Meat Substitutes,209.21
DK90 9138 1214 0612 67,2022-11-16,CNY,Food - Condiments,-908.58
DK79 5658 9869 8796 42,2021-09-15,PHP,Food - Spices,-245.13
ES13 5551 1883 5465 2006 3244,2025-06-03,AED,Food - Frozen,2842.98
HR58 1130 6686 6165 2207 8,2025-03-20,CNY,Food - Snacks,1738.15
TN30 1341 4708 5435 7397 6850,2025-02-12,UAH,Health,-3867.29
RS28 3788 4148 5990 8250 70,2022-03-22,XAF,Food - Condiments,1897.15
LT28 7058 0727 0608 2438,2022-03-30,GHS,Food - Meat,-2407.84
NO72 7440 4434 430,2023-03-07,BMD,Food - Bakery,-3951.75
FR24 8393 9103 36X8 3ZJZ HC9A B95,2025-06-05,GTQ,Home,-1597.61
LV80 KWKU XSRY ABEB ZADS C,2023-11-13,CNY,Food - Condiments,2806.05
FR29 0952 3064 438A CH4Q UX98 T47,2024-11-19,BGN,Kitchen,-558.81
GE89 HT75 9381 2913 4626 27,2023-05-12,MKD,Toys,-1045.07
FR07 7189 3007 610I I1AL TAVQ S48,2021-12-31,CAD,Fitness,1269.73
FR45 5131 1350 07PG PCA0 8RM5 U26,2020-05-31,VND,Food - Snacks,-2700.74
FR92 6921 4364 54JQ YDCV G8NQ 334,2023-04-24,CNY,Food - Frozen Foods,48.66
IT60 D714 6364 183B GEIR OEQ1 KGH,2022-11-19,PHP,Kitchen,1053.21
FR32 5006 1766 87MV FXXD BB96 V39,2025-02-08,CNY,Home,-1150.33
PS37 KPZU HVGG 0XTW APSH NUHL UHVX N,2022-02-07,CAD,Food - Condiments,-3485.41
GE85 JQ53 8148 3667 1807 28,2022-04-25,PEN,Kitchen,-377.76
SE74 0595 4328 0547 4138 1256,2021-03-17,UZS,Accessories,-2063.85
CH76 8468 9BK2 OLJI QOIR N,2023-04-20,IDR,Health,-1141.36
FR10 5431 1947 21WR KJSH GNBY 953,2025-09-08,RUB,Clothing - Pants,-3393.84
KW30 BPWT 5QBT SWAT JXMB 8SQP CCKQ YR,2023-10-04,CNY,Tools,3417.9
TR80 7054 4XQ2 TIOZ 4GAU VHHV YK,2024-02-09,BRL,Food - Grains,-1373.54
FR66 6270 2995 87NL IILT YJQB 071,2024-02-19,JMD,Kitchen,-2346.49
LB56 4152 YKD6 5A68 XYDR LHXY WQMY,2024-11-22,SYP,Food - Frozen Meals,-3045.5
TN63 7188 3906 3634 7232 2704,2022-11-05,CNY,Toys,-3909.37
DO33 RPKT 7506 8230 2137 5139 2989,2023-11-19,PHP,Fitness,-383.22
BA94 9513 9972 5035 0960,2023-03-09,HNL,Fitness,4607.43
AZ04 XALX OJIL XZJA TD6I XPZK JCRT,2023-03-21,RUB,Food - Salads,-1674.24
LV49 PJUQ NQHS T8KJ RWLD I,2023-05-29,PHP,Food - Beverages,-1856.23
GE94 XI40 5602 9190 2499 37,2021-09-14,PHP,Food - Sides,-1543.07
VG10 FNZO 7502 6279 4024 8474,2023-02-06,CNY,Food - Beverages,273.79
ES04 6017 2330 4472 4803 8006,2022-02-05,PEN,Food - Snacks,-2589.57
PS46 ZDYT FTHT C5OB C4XC MWSJ VDHW U,2020-03-15,NOK,Automotive,-4087.29
LI88 5742 5MWM S9YI 5ZYJ B,2021-09-03,TWD,Food - Condiments,4843.18
SK71 9971 4133 9476 7417 4691,2022-12-25,CNY,Food - Frozen Meals,-2549.29
DE13 7589 1490 4759 0364 09,2025-12-22,UZS,Home,3572.82
IE37 FGVR 9007 7218 8966 55,2024-08-31,UAH,Clothing - Footwear,-2059.44
DK56 2462 2740 7942 92,2020-08-08,MXN,Food - Spices,3782.5
PT96 7628 5656 9224 7170 0735 4,2023-06-23,EUR,Food - Bakery,-2372.35
PL95 9634 7319 0885 3209 1054 9603,2022-10-07,EUR,Outdoor,-3449.58
FR19 0716 3315 47WL XSXS RFND E47,2020-11-19,CNY,Food - Snacks,-4601.7
DE23 6534 4247 6957 1320 57,2021-08-14,EUR,Clothing - Tops,-4419.19
MT16 NUHW 0445 88RR 4GT9 LWCH QEZA DGC,2021-04-11,CNY,Electronics,1014.04
FR73 8350 2737 70FZ AGQZ 2SMU T67,2023-10-20,NOK,Food - Breakfast Foods,3403.97
SI41 2723 1223 1691 409,2024-02-17,CZK,Food - Cereals,4890.43
SA30 99WZ IV5Z NHBZ QXIM LZZQ,2022-07-09,CNY,Food - Bakery,-3478.77
MK59 380T 0OQP UPWQ 048,2024-07-19,CNY,Kitchen,1452.34
GI59 OCIU NBNM PXFE EMCE 3D0,2024-05-05,PEN,Food - Baking,1272.56
CY35 1480 6426 ZISA JQK9 XDYE BEYP,2025-10-07,USD,Food - Sauces,2333.32
SE10 0582 4723 5796 0790 3587,2020-01-18,IDR,Safety,-3357.99
PT65 1151 6701 9297 1022 8682 4,2022-06-17,IDR,Smart Home,-190.19
MU57 FGRJ 3004 0229 7602 4476 393C LZ,2023-11-29,CNY,Food - Condiments,-4107.26
GR13 5334 793V 7SHC 9MHU SNX3 GOE,2022-06-05,CNY,Food - Beverages,974.72
LV07 KWXW 5NUG F345 Q5CP O,2020-11-19,XOF,Automotive,-3262.08
LI17 1241 8BRR Z0ND WIPR E,2024-01-01,CZK,Fitness,-324.04
GB48 YYYF 8704 2273 5537 89,2020-03-01,ARS,Clothing - Jumpsuits,-450.54
PT87 1616 2882 2725 9891 9516 0,2025-07-13,IDR,Food - Soups,-1520.92
PL23 9996 1569 2959 6818 5102 8713,2023-05-21,IDR,Home,1098.89
FR73 4211 0538 32QH NQP2 QHA4 X79,2024-06-30,PLN,Audio,4143.87
FR03 2140 1151 24ST VJ5Z OELM 731,2024-06-27,SEK,Food - Snacks,291.81
SK47 6633 6614 8564 0681 1753,2023-11-11,SEK,Fitness,-3970.45
FR70 6308 7488 77EA RW73 JLIL 403,2021-07-26,RUB,Fitness,-363.31
BR12 4918 3037 2469 9039 7859 780G Q,2021-05-10,ARS,Home,2509.22
MU48 FXPE 4405 0800 4656 1855 964E DI,2022-09-15,IDR,Food - Breakfast,-2814.39
CH74 5092 3HSD OPYE FOFK T,2021-05-13,CNY,Food - Dressings,-1231.81
ME92 7204 7975 8590 6862 49,2020-01-19,IDR,Food - Confectionery,1109.85
AL41 4630 0291 D5MU LPMU OYKI BEXT,2023-09-25,CNY,Food - Snacks,1388.8
AD93 8492 8347 D3RM NDRW MWPT,2022-06-05,UAH,Food - Snacks,2674.05
AZ36 SBRC EFUF WY1K YORX OLDF DUNN,2023-10-22,PEN,Kitchen,4283.72
AE77 5865 1266 9615 1597 868,2024-04-02,EUR,Home,-2184.25
CR75 1009 0924 2104 8702 1,2021-01-28,IDR,Food - Grains,2127.34
NL69 NFII 9396 9454 23,2025-07-09,IDR,Food - Condiments,3011.02
FR56 4268 3708 59BP TGIJ MDVL V43,2023-05-25,IDR,Food - Condiments,3673.34
AZ02 VBFH FJSA OZXT 1PZB CVOM SBZ9,2020-09-08,CNY,Food - Sauces,-763.9
BG50 KFBB 6985 70HR 5ZPW MY,2020-11-12,CNY,Food - Bakery,-4568.98
PK34 IFUG SH7Z 7MPH SNFY 5NXO,2020-12-18,ARS,Food - Condiments,4611.54
BA32 8926 2739 4575 4713,2025-05-12,RUB,Food - Condiments,1164.75
MD38 KBDD LPBM FYAO UZZT X81X,2022-09-25,CNY,Outdoor,-4184.05
LU71 476E CJVW IP7G XLMW,2023-02-18,PHP,Automotive,-269.48
MT87 FCCH 9250 34DH M35K CAAF OBN2 HDP,2022-12-24,PKR,Automotive,-1632.2
MC61 0058 0193 93OE 47TQ 4BNX 570,2022-11-03,SEK,Pets,1639.31
FR55 4567 8491 61JA HWSZ WQW2 X05,2022-03-01,PEN,Outdoor,-3871.03
BH66 GPCL 80SP JITU H7XR PA,2024-07-09,EUR,Audio,-3831.41
RS68 4612 1729 5791 8350 33,2022-04-05,MXN,Food - Bakery,2987.09
FR33 3988 8040 88VZ PPXN KGR8 W31,2024-04-12,IDR,Food - Meat,3782.32
GR80 8357 357Y 17CI ZVIJ PAD1 F5X,2020-06-26,PHP,Food - Spices & Seasonings,2658.47
DK84 7957 7868 6987 08,2024-02-23,CNY,Office,-3127.68
SA04 14SX EILQ 5HZP S5MT W78W,2025-08-26,IDR,Food - Canned Goods,2941.45
MR75 9842 5059 0617 5309 6618 719,2025-10-05,EGP,Food - Frozen Meals,-323.15
GL56 3029 1085 9421 86,2021-01-11,GTQ,Outdoor,1920.66
IS67 2267 8934 7657 6028 9999 48,2024-03-30,TND,Food - Condiments,2875.61
FR76 8710 8880 57KO IDIK VO7L L21,2025-09-20,CZK,Fitness,-1988.56
AE82 4401 7036 8963 8590 372,2024-12-30,RUB,Food - Baking,1234.94
FR49 4846 1143 70IV 19WP MFTK X92,2025-10-26,IDR,Food - Snacks,2766.22
SI69 2872 6700 0868 157,2022-01-05,TND,Kitchen,3409.41
AD40 4221 1960 C0BB NAYY UYUW,2021-10-20,IDR,Food - Frozen Foods,-1909.02
KZ13 370J TLFC COU5 ZBO4,2020-11-11,EUR,Food - Canned Goods,1882.46
CZ35 2933 1279 8151 1695 5763,2025-11-05,EUR,Food - Dairy Alternatives,333.93
BH17 TMPP OUPE QEYK XXB4 QJ,2026-01-11,ARS,Food - Dairy,-2652.14
GL77 5273 6047 5923 42,2025-07-02,CNY,Food - Produce,1749.82
LT14 6299 2212 9645 3728,2022-07-17,BWP,Pets,-1738.18
CY51 8122 1378 SQQG ENDW LVJX HED6,2023-10-26,USD,Food - Breakfast,-1313.87
AT47 4884 8352 5474 9394,2024-07-19,MXN,Outdoor,4230.07
BA51 3455 0750 9125 8722,2024-12-25,EUR,Food - Meat,-1293.74
MT43 QVDW 6239 6TTJ RTDZ BGNP OYMY FFG,2024-10-08,BGN,Storage,263.3
EE39 9045 6664 5246 5905,2025-01-06,RUB,Pets,-375.32
NL54 BWSU 4891 2524 47,2022-10-06,EUR,Clothing - Bottoms,-4791.07
SK75 8817 4576 1578 0434 7374,2024-07-24,CNY,Clothing - Tops,-619.93
GI05 DQYY 1L3V MXTK BOAQ SOY,2023-05-12,HTG,Garden,2811.35
GI88 WGUS BB9W Y1ZO NFKY K8C,2025-04-24,BRL,Outdoor,2313.14
CH34 3258 8PCI WFPO ZT8Z Z,2023-05-31,CNY,Food - Condiments,4369.17
FR11 5428 4429 75WF O8XA V1NC 649,2025-12-12,PHP,Home Appliances,-4441.58
FR44 0362 8896 66T0 SN3O ZPWL 990,2024-10-06,BRL,Food - Breakfast,-1099.78
KW40 KDHK HWLB DW9S ENNE RFDS 7LWR 9D,2023-08-01,PHP,Outdoor,-2178.22
GI08 OAPG CR4K WURE AFC6 4LB,2021-05-13,IDR,Food - Condiments,-102.61
SI89 2862 8050 5850 860,2023-08-09,AMD,Food - Meal Kits,1042.69
PT86 8602 7059 1172 9684 5799 8,2025-06-16,CNY,Clothing - Bottoms,3553.68
SA10 412S 1Y2L 52JZ QIYQ CDYH,2022-08-08,IDR,Electronics,4849.12
PL34 9040 9541 9437 8628 1747 8382,2025-01-03,CNY,Pets,-2150.43
GT61 IEHX OHFZ H9MW S9YV G5YK JY7R,2024-05-17,MXN,Food - Salads,-3595.57
GE64 KH89 6552 1493 8252 37,2020-06-07,BAM,Kitchen,1144.6
MC87 2817 5447 53VI MCJL LNZJ Z33,2020-07-16,CNY,Food - Soups,510.55
FI94 4902 0128 2922 39,2021-06-07,CNY,Clothing - Accessories,-2500.93
FR92 6613 0584 11SE QGOD BPP1 H78,2022-12-13,RUB,Pets,-1753.5
SE63 0774 4614 8823 7797 2500,2023-05-28,BRL,Food - Beverages,3074.64
ES83 7355 4271 2246 7545 5971,2022-03-11,IDR,Food - Pasta,2352.54
GE43 BC83 2253 4604 8584 44,2022-02-15,XAF,Health,2913.23
AE67 8135 4918 4621 2047 787,2022-05-12,THB,Food - Canned Goods,-4037.69
FR87 7596 5104 04S4 JFKF LVQN T90,2021-02-27,CNY,Food - Condiments,4466.98
IE65 XEKM 4409 4433 1779 59,2023-02-23,HNL,Food - Oils,3724.94
MU71 UAGZ 0289 5337 9033 6619 782K LM,2024-08-20,RUB,Bathroom,1737.43
IS43 6604 6883 7777 2883 4563 20,2021-03-14,ARS,Kitchen,-2822.54
NL06 PVCW 6429 0706 34,2022-05-20,AFN,Food - Canned Goods,4296.2
AZ86 GGTL V357 TWKR Y9FU UW2K MKBJ,2022-07-06,PLN,Home,3602.85
ES44 6503 8011 3087 0033 3710,2020-04-29,PLN,Food - Salads,-1325.5
GB96 KPCH 9820 8892 7436 86,2020-04-13,RUB,Music,-4178.06
ES95 3096 2754 2880 1366 4309,2021-12-01,ZAR,Home,403.5
BR71 2874 9208 5540 8764 2925 016T 1,2025-01-16,EUR,Food - Marinades,1226.48
CZ71 3534 4954 6088 7639 1306,2021-03-15,IDR,Home,969.62
LU02 562Y 495V EX98 XNXK,2021-09-22,ARS,Food - Condiments,3017.78
FR70 7635 1956 59YN F8LY 8BHJ T75,2022-11-05,RUB,Kitchen,1894.0
GB40 LZYH 8698 5305 8845 91,2020-03-24,BSD,Food - Spices,-3650.6
DO50 EWEN 1238 3902 2361 5093 0481,2020-09-07,CNY,Outdoor,-4945.84
DE04 7480 9637 0667 0823 62,2025-11-22,ZAR,Office,-4311.68
AZ08 AKCO MZRF YXQB EIRK PV0X AQ7A,2020-08-26,PLN,Outdoor,-1642.38
IL44 9378 8831 0512 3022 936,2021-10-13,CNY,Food - Meat,-4697.08
FR35 5626 4223 16XD J5NB 99MX R63,2020-12-23,SEK,Storage,3467.66
FO18 3897 2770 2828 34,2020-12-05,CNY,Food - Snacks,-3974.42
VG09 XBVW 2480 6840 3263 7110,2025-08-10,RSD,Food - Snacks,-4243.01
LV69 OOOL SKOF YNIE BBOD 5,2021-11-07,JPY,Electronics,1455.59
KZ71 394T REPK EJWN GS4P,2023-05-31,CNY,Wearable Tech,4481.2
ES95 5318 3108 3050 6228 4329,2025-05-25,RUB,Food - Bakery,1511.11
LI20 5132 2HTN K92R EPB9 9,2024-07-26,MXN,Kitchen,513.07
RO10 SYAB OBYL ELCT DHVM R2DV,2022-01-16,JPY,Food - Frozen Foods,-891.91
FR29 3679 8001 67RD QIRR OVH5 W24,2022-08-09,PHP,Food - Canned Goods,2927.52
LT29 4402 5364 9107 7985,2024-05-07,CNY,Kitchen,-495.63
MK49 8071 K18M FKRS K87,2022-03-07,SEK,Food - Frozen Foods,920.47
FR98 2530 7656 85S3 X7LP XGMK B04,2021-06-24,CNY,Accessories,-3322.03
FR07 1840 2028 66TB HQ3H FIFW B64,2021-11-14,THB,Food - Baking & Cooking,3733.8
GT60 SKGC NEQ1 N6JB RQPZ TENL WGD0,2022-03-17,PHP,Home,13.97
LT11 0352 6263 4793 0761,2020-11-18,PLN,Food - Frozen Meals,1071.27
KW94 SHZN QMPY IDQR MO7R WFXS 2X7L JR,2025-11-09,CAD,Food - Snacks,-2366.92
SK25 8719 0331 8877 8296 1511,2025-12-15,EUR,Food - Salads,3046.64
IE30 HIXT 5136 0535 4457 27,2025-10-20,CNY,Kitchen,3783.89
NL39 VKSH 1599 8604 87,2020-01-16,THB,Fitness,3780.46
RO42 NIEA MIJA B7VJ HNVO J0EB,2024-01-09,CNY,Food - Baking,3572.63
HU77 3208 9299 9402 1532 0682 0667,2024-11-15,BGN,Fitness,2486.66
RO46 VPUM MVJQ 3MIW 6NQW M5PT,2020-12-08,EUR,Clothing - Outerwear,1542.1
FR96 5521 6285 72I5 4KVB WITQ J11,2022-03-08,NIO,Clothing - Dresses,1041.33
LB64 0492 VETA 9M7M WFLS G4DQ KJKC,2021-06-05,EUR,Food - Breakfast,3164.87
SK88 4330 0450 8639 4089 8339,2025-06-24,ZWL,Fitness,-1080.14
PS70 TANA CFCL JFW4 H0TK SJVV VEHJ K,2022-05-18,EUR,Food - Bakery,2204.27
FR37 9893 9010 03BI ITLW ZR3I 068,2020-01-23,JPY,Food - Frozen Foods,826.43
MD15 NRPH HBVF O8X2 WOXK LAZS,2024-11-13,EUR,Pets,3097.14
BR98 8743 2035 3046 1723 1359 491X H,2024-09-10,CNY,Food - Beverages,-1202.31
SA27 43X6 V09Q BYT1 AV3M FZG5,2025-02-21,DOP,Outdoor,1851.44
PK93 CLMB PT64 PMXU FHA0 RIBJ,2023-02-01,UAH,Food - Snacks,-4670.43
GI98 FXUC BNHA USSM UDFH 2ZM,2023-11-01,CNY,Food - Meat,-2434.48
FR53 4344 8933 65ZU SWJ7 SWHV U07,2023-11-08,MAD,Clothing - Shirts,4844.44
TN03 3311 6258 3436 8317 9350,2022-06-02,RUB,Clothing - Pants,3457.73
FR73 3065 1329 79CL NVF3 UNBY Y21,2021-02-12,PLN,Beauty,4470.07
TN26 7719 9181 3256 6827 0727,2022-05-29,PHP,Kitchen,1718.37
TR93 4800 4SRW MYVP TXLJ NFPW VE,2020-05-28,EUR,Food - Cooking Oils,2673.35
FI27 7714 4739 4394 33,2023-06-12,IDR,Outdoor,-3555.86
FO07 4644 6346 6539 86,2022-12-27,RUB,Health,1356.95
AZ54 AEXK AVZP EKVN 10RK KHX8 2CG5,2022-09-01,IDR,Food - Snacks,953.21
FR25 4457 7640 25HM KZYJ 8FZL O68,2025-06-02,IDR,Outdoor,3979.15
NL45 LJCU 0360 0941 27,2023-01-25,PLN,Outdoor,1666.52
SE95 9724 3610 5292 6222 4117,2023-03-09,CNY,Kitchen,4531.16
IS42 0955 0870 3658 6336 3945 63,2021-09-13,CNY,Kitchen,-987.18
BA75 2121 6145 1653 9629,2021-02-09,EUR,Audio,2416.66
FR62 3498 8492 40RH JRCQ QUXE D00,2023-01-13,CNY,Toys,-2946.31
BG39 LEVD 3018 84IF LWLM SU,2025-09-08,CNY,Outdoor,-3651.34
TN43 5517 7499 4579 5792 1559,2021-09-15,CNY,Food - Salads,4693.15
AL31 6296 3528 B0BO 2D0Q LQXO ZR8H,2020-01-07,KRW,Food - Canned Goods,-2881.05
ME43 7841 9366 9633 7780 16,2023-12-14,EUR,Electronics,1362.49
MT04 MCED 1984 8KR2 NO0R WUFV FRSM 2T9,2020-08-27,SEK,Toys,-132.66
MD70 ABOS YJBY VPZM TAEF QILW,2023-06-13,HUF,Kitchen,-3607.31
BA25 7412 6918 3952 9741,2022-10-18,ARS,Toys,3228.77
TR96 4284 48LA AUJA D1IN VVQK KU,2020-10-08,PHP,Food - Bakery,4935.63
MK26 854C JOWP 4AV3 B75,2021-09-05,CNY,Food - Baking,-887.33
CR78 1878 9006 5401 6452 9,2024-10-10,CNY,Food - Pasta,-989.08
KW40 NKAP KINQ A8WC KAFF NFPC 4IMF UY,2024-12-09,CZK,Grooming,1025.47
SK47 5363 5097 3396 7515 7299,2022-06-17,BAM,Food - Frozen,1598.43
PS92 MCEC ZVN9 6VSE 2XKN I9DQ R7PM Y,2024-04-04,CNY,Garden,4767.09
IS33 8286 5100 3624 3471 5566 21,2021-03-10,IDR,Food - Meat Alternatives,2124.9
VG45 ZKQU 6304 7458 9411 8009,2023-09-02,COP,Art Supplies,-2334.32
PK85 BJGT I3NZ LIF9 0CQ6 VD6K,2022-03-23,GMD,Food - Salads,933.08
RO61 FQQD BGJG AW4X J4UA Y9DI,2021-07-15,EUR,Food - Frozen Foods,-2401.96
TN39 6931 7764 4531 5542 5306,2021-07-11,COP,Food - Salads,-140.95
FR49 6553 6257 01K7 O7N3 RJ5I 902,2021-10-09,IDR,Food - Condiments,-702.84
GE26 KL30 9327 0312 9993 19,2024-12-25,EUR,Food - Snacks,4444.14
AD86 2434 2807 QK2T NZUX VUJC,2020-11-09,MNT,Art Supplies,-2663.89
SA71 21IP SS8W BWTZ MVGL RB1H,2024-09-18,RUB,Accessories,2299.59
FI64 6359 0507 3649 95,2025-02-06,CNY,Food - Bakery,3147.87
FR42 4358 5460 99Z7 1HMB JSXR 106,2020-07-01,CNY,Home,-4043.03
EE31 4414 4320 9734 8480,2023-04-27,CNY,Food - Condiments,-2676.47
SE62 8016 5946 5597 1357 2508,2023-08-18,EUR,Electronics,1702.39
LV58 DVSN F9A9 2IYI QR88 A,2022-05-21,COP,Food - Beverages,-3004.39
MC64 2064 7123 65Z4 OGCT YH7Q P18,2023-07-01,PHP,Food - Condiments,556.63
SI25 9975 1659 6254 633,2025-02-28,NOK,Fitness,2933.36
SI47 2316 3322 4780 596,2021-01-12,PEN,Food - Snacks,1850.32
FR62 7733 1191 92WY KKY1 ZJTZ N33,2025-12-14,CNY,Clothing - Tops,-556.33
AZ94 TNGO MSUM RPZQ YKBO 3P9R EQWA,2021-12-20,EUR,Toys,-1633.9
PS07 WGTZ 0UT7 28VN BZJ8 OOTF PWDN N,2022-03-02,CNY,Food,-193.48
GL09 6504 7786 8469 40,2020-08-07,UZS,Food - Condiments,411.53
IL93 8991 6054 8260 4656 027,2022-01-21,AZN,Bicycles,-1698.41
GL62 0506 8840 5977 18,2025-10-12,IDR,Fitness,1717.96
ES12 3977 2216 6624 1161 7820,2022-08-23,AMD,Food - Pasta,567.02
FR79 5724 8557 65W8 NK19 5ZIM 628,2020-03-03,EUR,Food - Condiments,-3075.99
BE40 0626 9034 0936,2020-07-19,BRL,Food - Snacks,243.91
VG81 QKHW 9463 7752 0835 3302,2020-06-18,BRL,Kitchen,-144.99
VG54 PXWF 8782 8658 9393 2528,2020-03-25,GTQ,Kitchen,1290.57
LT53 9916 6336 0556 1098,2023-01-24,CNY,Pets,-647.35
NL56 QQTJ 3774 5950 78,2022-12-28,SYP,Beauty,-3730.6
GR13 6888 190D RTCM 7N9T 3EQ7 JKW,2021-07-27,SEK,Clothing - Outerwear,4969.94
FR41 7625 7847 682F VRPG BBYX 860,2022-09-04,USD,Pets,-1468.87
LT46 6457 8582 3609 0273,2023-01-23,CNY,Toys,-2431.87
DK05 5513 7619 0929 98,2024-10-10,ZAR,Food - Salads,2716.87
BH46 TAFQ XD1B 6JEV KEUT ID,2022-03-20,IDR,Food - Frozen Meals,2977.59
FR83 9780 4961 215E HS5E AXI9 D33,2022-05-07,PEN,Smart Home,-2499.54
FR18 8084 1662 81DN JFTY 1SVI 410,2021-07-24,EUR,Health,-2915.38
PT34 0407 7884 0692 3868 1726 0,2023-11-06,CNY,Automotive,4374.57
EE46 4652 7676 7573 2816,2025-09-30,EUR,Food - Condiments,1716.45
GT93 CND1 U4LZ CWZG 0QTG HFLC ICNH,2023-08-10,CNY,Food - Bakery,-3357.22
LT93 4373 3410 2628 4193,2024-05-06,BDT,Food - Salads,-3477.97
FI90 9542 6806 3035 88,2024-03-18,CNY,Food - Breakfast,-2961.82
IL08 7485 4309 4867 4841 182,2023-03-29,EUR,Baby,2488.47
IE58 XAAH 8061 7757 0131 59,2024-03-12,RUB,Food - Snacks,-3840.92
ME39 8129 6181 0933 7804 36,2024-08-25,PEN,Outdoor,-1306.11
GB08 OQBD 5353 3537 4729 90,2024-05-09,USD,Food - Produce,3302.96
RO50 NVHJ CEB5 AVSZ NSHX TRUC,2025-04-30,RSD,Clothing - Jumpsuits,4791.84
EE65 7985 9931 4738 1500,2025-09-18,CNY,Food - Frozen Foods,773.1
KW59 YHUM YXZF LGJ4 I1LG ZJNJ XNI2 TL,2020-07-18,IDR,Office,706.73
BH33 MFQV R0VB RIDW KQHD F0,2023-03-02,MGA,Food - Condiments,2517.09
AE93 4963 2427 7696 6252 916,2025-10-21,IDR,Home,3838.69
BE50 0851 5850 9441,2023-08-27,CNY,Food - Nuts,-2877.11
FR78 9673 6564 78BZ VE1M TOF0 J52,2021-07-13,EUR,Food - Vegetables,4058.53
NO18 0660 5442 569,2021-01-11,CZK,Food - Seafood,-2927.35
RS15 2858 5045 8774 4152 94,2023-03-27,IDR,Food - Oils & Vinegars,2799.8
VG08 YYLV 9856 7560 3660 9273,2025-08-25,CNY,Garden,-1003.84
BA35 8274 1868 3298 0769,2026-01-02,SEK,Food - Snacks,1182.62
ES18 1724 0860 2564 9636 4414,2023-09-26,CNY,Food - Salads,1162.16
AZ95 XAXQ BLTF 5HZZ 1K2S 6UPU LXFI,2022-02-27,CNY,Home Appliances,-2206.25
MU23 CCXU 0572 3193 5112 9912 726F PG,2023-04-16,USD,Toys,1451.7
RO65 AFAI GDYO HTGJ JSGX NIYR,2021-10-11,EUR,Food - Fruits,3453.96
VG86 ERIL 3663 3848 6146 7470,2022-12-08,CZK,Food - Bakery,4504.09
VG60 QXEY 5730 7486 3230 4536,2020-10-29,AOA,Food - Snacks,-4959.52
TR43 1959 9X77 ILU9 OQY9 3RK7 CD,2023-05-08,CNY,Home,700.93
FR88 3048 2003 98UF SWO8 XMSH C15,2024-07-15,EUR,Food - Frozen Foods,-3012.45
SM82 M680 2195 2922 HDYI CZI4 RI4,2024-10-22,MGA,Sports,-236.56
BH28 TDIP PAUO RBXD 3M9X 7W,2020-02-16,CZK,Smart Home,-4664.14
FR70 7952 3427 83XV P0AT LLPT T26,2020-09-30,EUR,Automotive,630.3
FR95 0992 1879 22F9 CSWQ ZBEL F84,2021-08-23,KZT,Electronics,3197.03
MT69 UWNB 2610 7AE2 BHNK 62CQ 3QCL LNJ,2023-07-07,SEK,Fitness,-2689.72
ES82 0901 5167 0146 8947 6077,2020-11-22,CNY,Food - Spreads,3162.56
CR92 7269 0432 3947 7113 8,2022-07-08,THB,Clothing - Outerwear,-3065.2
CH14 0833 4XS8 MGZU BIEG B,2025-05-25,CNY,Food - Dairy,535.41
GE40 YE98 7430 2703 6977 09,2020-12-15,JPY,Clothing - Sweaters,3365.93
CH54 5532 5O7V NUYO VLUN F,2020-12-04,CNY,Food - Canned Goods,35.49
SA35 66Q4 TO5O R6T2 HCPO NVPL,2025-11-02,CNY,Home,2058.66
LV93 QFAL 9L3U Y1RI YINI B,2024-07-19,EGP,Food - Dressings,4682.78
CR26 5884 0923 3814 0747 9,2024-02-01,BYR,Food - Snacks,-650.18
DK58 5820 0206 0678 26,2024-08-31,CNY,Food - Snacks,4526.14
FR20 0539 2434 35J4 EZMS ZYYW U74,2022-12-29,AOA,Fitness,4988.3
CY74 2911 9923 ZBPG 7VJU 0IFK W4VR,2024-09-21,BOB,Food - Baking,-2177.03
ME25 2358 9219 4301 4565 22,2021-10-05,HNL,Toys,-2405.12
FR65 3120 8149 67GM SSW8 LCGE O78,2022-07-16,CZK,Food - Beverages,256.54
KZ94 8517 61KT Y0JN QUS6,2022-07-10,CZK,Home,-4046.01
MT21 QRFE 9780 7M3L SNUW 30WN 2PSJ K0F,2023-04-27,EUR,Food - Beverages,98.1
MU69 OYKJ 4217 3853 6755 0727 997E SC,2025-10-05,PLN,Food - Bakery,1869.43
GE60 AB05 0137 3108 7942 63,2020-09-09,CNY,Food - Grains,-172.84
FR97 6102 5585 792I JGEM AV9U O85,2024-02-10,CNY,Kitchen,1910.0
TR41 2584 69KJ G2CM 99QF 6OZM 5F,2025-06-27,IDR,Home,-4121.47
MK67 108G ZN92 6SRW C85,2025-02-01,COP,Electronics,2451.71
CH08 0640 9TQK 2UDB FCL9 H,2022-09-19,BRL,Kitchen,-4229.04
RS10 8217 9546 2848 1201 83,2023-05-06,CNY,Food - Grains,-287.61
VG83 SDQH 7273 1132 9638 4936,2023-03-08,CZK,Clothing - Outerwear,3157.42
CZ72 9768 9788 6490 5050 7899,2023-09-05,VND,Home,3278.09
SE69 0697 7429 5207 6140 8064,2023-04-11,PEN,Fitness,3413.47
FR67 6171 2747 83JP PLVS ITBR V71,2023-05-16,MUR,Pets,-3127.91
IL75 3084 0179 3114 1138 366,2021-07-28,NOK,Food - Breakfast,2512.17
NL65 HRPK 7436 3962 06,2024-11-19,IDR,Electronics,-4300.4
IL28 5015 4456 8646 8389 124,2024-04-21,CNY,Food - Grains,-634.79
MU32 QIGS 6130 5407 7848 9248 440V SH,2020-10-24,PHP,Food - Frozen Foods,3539.8
MD28 V7GU YDGV NHRB 4MC5 4AJT,2021-10-13,CZK,Food - Snacks,409.24
GL31 8570 3918 9550 88,2024-12-22,RUB,Food - Canned Goods,1541.95
